epoch,fit/grad_norm_pre_clip,fit/loss,fit/pred_loss,fit/rand_diff_loss,fit/sigreg_loss,step,validate/loss_epoch,validate/loss_step,validate/pred_loss_epoch,validate/pred_loss_step,validate/sigreg_loss_epoch,validate/sigreg_loss_step
0,2.202181339263916,0.9501289129257202,0.25803911685943604,1.2402291297912598,7.5625,49,,,,,,
0,2.873889207839966,0.7584232687950134,0.25454893708229065,1.1686880588531494,5.46875,99,,,,,,
0,4.031979560852051,0.6587921380996704,0.22294875979423523,1.2015241384506226,4.71875,149,,,,,,
0,2.4797863960266113,0.5432787537574768,0.1617833822965622,1.2354716062545776,4.09375,199,,,,,,
0,1.8629844188690186,0.5602596998214722,0.17071814835071564,1.2588448524475098,4.1875,249,,,,,,
0,1.8117294311523438,0.45654797554016113,0.16461940109729767,1.2631714344024658,3.09375,299,,,,,,
0,2.2573392391204834,0.41996845602989197,0.1371532529592514,1.3283944129943848,2.984375,349,,,,,,
0,1.1344707012176514,0.40135639905929565,0.11831090599298477,1.3514254093170166,2.984375,399,,,,,,
0,1.6582934856414795,0.41126370429992676,0.12805138528347015,1.3681042194366455,2.984375,449,,,,,,
0,1.7604681253433228,0.34518325328826904,0.09504207968711853,1.3813037872314453,2.625,499,,,,,,
0,4.170526027679443,0.33799174427986145,0.09945115447044373,1.393120288848877,2.5,549,,,,,,
0,2.5476677417755127,0.34442007541656494,0.0750211849808693,1.5492662191390991,2.8125,599,,,,,,
0,1.8872520923614502,0.3004438877105713,0.060099437832832336,1.5735089778900146,2.5,649,,,,,,
0,2.15917706489563,0.30013078451156616,0.07226989418268204,1.5946831703186035,2.359375,699,,,,,,
0,3.268400192260742,0.28908994793891907,0.07125617563724518,1.6661913394927979,2.234375,749,,,,,,
0,2.084376335144043,0.3148348331451416,0.08073166757822037,1.6329725980758667,2.421875,799,,,,,,
0,1.8116241693496704,0.30445680022239685,0.09372661262750626,1.6394245624542236,2.15625,849,,,,,,
0,1.8468022346496582,0.26067307591438293,0.06490132212638855,1.608424186706543,2.0,899,,,,,,
0,1.6175920963287354,0.2997932434082031,0.0809468999505043,1.7674486637115479,2.234375,949,,,,,,
0,1.9132664203643799,0.27508196234703064,0.07405156642198563,1.841320276260376,2.03125,999,,,,,,
0,2.4089250564575195,0.2588428854942322,0.048981230705976486,1.7478851079940796,2.140625,1049,,,,,,
0,1.8463737964630127,0.3157723844051361,0.08336110413074493,1.8544102907180786,2.375,1099,,,,,,
0,1.9215675592422485,0.26365208625793457,0.06701663136482239,1.8901073932647705,1.9765625,1149,,,,,,
0,3.138310670852661,0.30677440762519836,0.09885288774967194,1.8468399047851562,2.109375,1199,,,,,,
0,1.0958094596862793,0.24654629826545715,0.06236131861805916,1.914591908454895,1.8359375,1249,,,,,,
0,1.5751850605010986,0.23597295582294464,0.053702954202890396,1.8207507133483887,1.828125,1299,,,,,,
0,2.3276286125183105,0.2637980580329895,0.0736122727394104,1.8310798406600952,1.90625,1349,,,,,,
0,2.4751980304718018,0.2628779411315918,0.06170341745018959,1.953389048576355,2.015625,1399,,,,,,
0,3.3495380878448486,0.23481595516204834,0.05314285308122635,1.858717679977417,1.8125,1449,,,,,,
0,2.6383354663848877,0.2738811671733856,0.08423817157745361,1.9721133708953857,1.8828125,1499,,,,,,
0,2.0478875637054443,0.265914648771286,0.07167375087738037,1.8459655046463013,1.953125,1549,,,,,,
0,3.867461919784546,0.25136640667915344,0.06012104079127312,1.9370367527008057,1.9140625,1599,,,,,,
0,2.3001177310943604,0.2485676109790802,0.06724889576435089,1.9209346771240234,1.8046875,1649,,,,,,
0,2.0644285678863525,0.24134951829910278,0.06778428703546524,1.9268367290496826,1.71875,1699,,,,,,
0,2.043825387954712,0.2487565129995346,0.06117992848157883,1.960782766342163,1.8671875,1749,,,,,,
0,1.9041733741760254,0.23458823561668396,0.06613073498010635,2.002000331878662,1.6484375,1799,,,,,,
0,2.3579165935516357,0.2301449477672577,0.054867759346961975,1.9027190208435059,1.734375,1849,,,,,,
0,2.4804253578186035,0.2689940631389618,0.07927923649549484,1.9792932271957397,1.890625,1899,,,,,,
0,3.9440205097198486,0.23569133877754211,0.049076128751039505,1.9623029232025146,1.859375,1949,,,,,,
0,3.0869035720825195,0.25410133600234985,0.05281927064061165,1.86648690700531,2.03125,1999,,,,,,
0,3.2384567260742188,0.26100367307662964,0.06860536336898804,1.9546740055084229,1.921875,2049,,,,,,
0,1.4386168718338013,0.24681225419044495,0.06085125729441643,1.8968809843063354,1.859375,2099,,,,,,
0,3.1096932888031006,0.2508142590522766,0.07336509227752686,1.9246039390563965,1.7578125,2149,,,,,,
0,2.9306273460388184,0.24670957028865814,0.05921623483300209,1.8548026084899902,1.875,2199,,,,,,
0,4.021895885467529,0.24486105144023895,0.05927479267120361,1.859406590461731,1.859375,2249,,,,,,
0,3.7427313327789307,0.2452164888381958,0.06500661373138428,1.9077062606811523,1.7890625,2299,,,,,,
0,3.7238895893096924,0.238085076212883,0.059495262801647186,1.941011905670166,1.7734375,2349,,,,,,
0,2.6306467056274414,0.24870307743549347,0.05890398472547531,1.987721562385559,1.890625,2399,,,,,,
0,2.212409019470215,0.27131614089012146,0.09043090790510178,1.8775838613510132,1.8046875,2449,,,,,,
0,1.8007221221923828,0.22472111880779266,0.056563325226306915,1.8743739128112793,1.65625,2499,,,,,,
0,2.257779836654663,0.22582173347473145,0.058113377541303635,1.8294296264648438,1.6640625,2549,,,,,,
0,1.410192608833313,0.25141799449920654,0.06326695531606674,1.920572280883789,1.875,2599,,,,,,
0,0.8871122002601624,0.21765217185020447,0.04995763301849365,1.8280483484268188,1.65625,2649,,,,,,
0,1.6404995918273926,0.2390425056219101,0.05811292678117752,1.9796780347824097,1.7890625,2699,,,,,,
0,1.0724496841430664,0.23172347247600555,0.05461474880576134,1.890559196472168,1.7578125,2749,,,,,,
0,0.7680994272232056,0.21286258101463318,0.043699223548173904,1.9749295711517334,1.65625,2799,,,,,,
0,1.4279917478561401,0.23487907648086548,0.05462135374546051,2.0101473331451416,1.78125,2849,,,,,,
0,1.6000310182571411,0.2283393293619156,0.0464920811355114,1.9737871885299683,1.8046875,2899,,,,,,
0,2.2771615982055664,0.28563448786735535,0.10413725674152374,1.8411312103271484,1.8125,2949,,,,,,
0,2.5236573219299316,0.22087199985980988,0.04274890944361687,1.8943393230438232,1.7734375,2999,,,,,,
0,0.8686400055885315,0.23820815980434418,0.05257555469870567,1.8640408515930176,1.8515625,3049,,,,,,
0,1.7169334888458252,0.230678528547287,0.05168711021542549,1.8835179805755615,1.78125,3099,,,,,,
0,1.0928174257278442,0.24166740477085114,0.05905754119157791,1.8547375202178955,1.828125,3149,,,,,,
0,1.653050184249878,0.24105556309223175,0.05689557269215584,2.009749412536621,1.828125,3199,,,,,,
0,1.8772478103637695,0.23263074457645416,0.052439697086811066,1.905824899673462,1.7890625,3249,,,,,,
0,1.276771903038025,0.23636962473392487,0.06350653618574142,1.8566209077835083,1.71875,3299,,,,,,
0,1.575303077697754,0.2629808187484741,0.08010353147983551,1.9791338443756104,1.8125,3349,,,,,,
0,1.309266209602356,0.25357791781425476,0.05110765993595123,1.7899949550628662,2.046875,3399,,,,,,
0,1.0718191862106323,0.21626104414463043,0.044275954365730286,1.7688217163085938,1.7109375,3449,,,,,,
0,1.0031532049179077,0.22434692084789276,0.05610920488834381,1.8823649883270264,1.65625,3499,,,,,,
0,0.9975696802139282,0.2375241070985794,0.055140309035778046,1.8321290016174316,1.8203125,3549,,,,,,
0,1.0715540647506714,0.25982388854026794,0.07421159744262695,1.8620092868804932,1.8515625,3599,,,,,,
0,0.9829962849617004,0.21926480531692505,0.04847583547234535,1.84452223777771,1.6875,3649,,,,,,
0,1.0982168912887573,0.206443652510643,0.04184512421488762,1.909071683883667,1.6171875,3699,,,,,,
0,1.4738974571228027,0.21642594039440155,0.04441358149051666,1.8692048788070679,1.703125,3749,,,,,,
0,1.6305670738220215,0.22105535864830017,0.04487115144729614,1.7981090545654297,1.7578125,3799,,,,,,
0,0.9134759306907654,0.20765715837478638,0.04808879643678665,1.8943365812301636,1.5625,3849,,,,,,
0,1.1592297554016113,0.21139849722385406,0.04496343061327934,1.8974125385284424,1.640625,3899,,,,,,
0,1.896016240119934,0.2422359436750412,0.056063540279865265,1.8203659057617188,1.8671875,3949,,,,,,
0,1.4647698402404785,0.22531649470329285,0.05307130888104439,1.6971745491027832,1.7265625,3999,,,,,,
0,1.0213531255722046,0.19757528603076935,0.044092606753110886,1.7740488052368164,1.5078125,4049,,,,,,
0,1.295188069343567,0.2334086000919342,0.05574316531419754,1.7509187459945679,1.78125,4099,,,,,,
0,2.9958298206329346,0.24585667252540588,0.06197487562894821,1.6889605522155762,1.859375,4149,,,,,,
0,0.8373615145683289,0.2472984343767166,0.05893051624298096,1.746948480606079,1.8984375,4199,,,,,,
0,0.8277297019958496,0.2031971663236618,0.041222672909498215,1.7443243265151978,1.609375,4249,,,,,,
0,0.8072780966758728,0.1986585110425949,0.04060174897313118,1.8408329486846924,1.5546875,4299,,,,,,
0,1.1128700971603394,0.21199846267700195,0.044228795915842056,1.7379050254821777,1.671875,4349,,,,,,
0,1.3158897161483765,0.2118101865053177,0.03840949758887291,1.7150685787200928,1.734375,4399,,,,,,
0,1.0543681383132935,0.22065499424934387,0.05848168209195137,1.764207124710083,1.609375,4449,,,,,,
0,1.2352477312088013,0.23217566311359406,0.05466211587190628,1.6380739212036133,1.7890625,4499,,,,,,
0,0.8024439811706543,0.20697425305843353,0.03677000477910042,1.7860500812530518,1.6953125,4549,,,,,,
0,1.4403327703475952,0.23662161827087402,0.07284406572580338,1.7293181419372559,1.6328125,4599,,,,,,
0,1.0506618022918701,0.20516398549079895,0.042823951691389084,1.6832218170166016,1.6171875,4649,,,,,,
0,1.2805142402648926,0.24263812601566315,0.06178377941250801,1.679185152053833,1.8203125,4699,,,,,,
0,0.9280605912208557,0.19863681495189667,0.03847872465848923,1.6603392362594604,1.59375,4749,,,,,,
0,1.0600109100341797,0.20677417516708374,0.048559147864580154,1.661346197128296,1.578125,4799,,,,,,
0,1.1747733354568481,0.20667290687561035,0.04536263272166252,1.6779019832611084,1.6015625,4849,,,,,,
0,1.151050090789795,0.19296908378601074,0.038164783269166946,1.7108991146087646,1.53125,4899,,,,,,
0,0.7773100137710571,0.19633038341999054,0.0410052128136158,1.665330171585083,1.5390625,4949,,,,,,
0,1.0978763103485107,0.20434969663619995,0.04381267726421356,1.6982330083847046,1.59375,4999,,,,,,
0,1.2654105424880981,0.21816514432430267,0.05462220683693886,1.7058570384979248,1.6328125,5049,,,,,,
0,1.1249992847442627,0.22625713050365448,0.05076591297984123,1.631152868270874,1.7734375,5099,,,,,,
0,0.9130197763442993,0.20081575214862823,0.04397163540124893,1.7195687294006348,1.5546875,5149,,,,,,
0,0.9622277021408081,0.2117236852645874,0.047229357063770294,1.7033394575119019,1.640625,5199,,,,,,
0,1.4691375494003296,0.22227802872657776,0.0468180850148201,1.6280261278152466,1.765625,5249,,,,,,
0,1.1382628679275513,0.1932494044303894,0.041320376098155975,1.716340184211731,1.4921875,5299,,,,,,
0,1.3277854919433594,0.20903290808200836,0.043590884655714035,1.6027960777282715,1.65625,5349,,,,,,
0,1.1031255722045898,0.20727412402629852,0.043702710419893265,1.6110485792160034,1.640625,5399,,,,,,
0,1.003199577331543,0.188836008310318,0.03634718433022499,1.6746647357940674,1.5078125,5449,,,,,,
0,1.2284245491027832,0.244071364402771,0.08329812437295914,1.6242005825042725,1.6015625,5499,,,,,,
0,0.9680756330490112,0.1920383870601654,0.04565931111574173,1.6496269702911377,1.4453125,5549,,,,,,
0,1.3938345909118652,0.1941554993391037,0.0460934191942215,1.7202699184417725,1.453125,5599,,,,,,
0,1.3539432287216187,0.1971949338912964,0.04195727780461311,1.656578540802002,1.5390625,5649,,,,,,
0,0.8945266604423523,0.19015640020370483,0.03935857489705086,1.6032211780548096,1.4921875,5699,,,,,,
0,1.3613123893737793,0.21165139973163605,0.05385448411107063,1.619536280632019,1.578125,5749,,,,,,
0,1.008238673210144,0.1862824559211731,0.035037603229284286,1.745578408241272,1.484375,5799,,,,,,
0,0.8006626963615417,0.18998292088508606,0.041920680552721024,1.6226311922073364,1.4609375,5849,,,,,,
0,1.2154115438461304,0.19615527987480164,0.050729867070913315,1.651915431022644,1.4296875,5899,,,,,,
0,1.1084049940109253,0.20941849052906036,0.059020545333623886,1.563231110572815,1.5,5949,,,,,,
0,0.9036648869514465,0.20505140721797943,0.04132045432925224,1.7246572971343994,1.6328125,5999,,,,,,
0,0.9307449460029602,0.20391185581684113,0.04031854867935181,1.613236427307129,1.640625,6049,,,,,,
0,0.9337553977966309,0.20488527417182922,0.055425770580768585,1.6647014617919922,1.4765625,6099,,,,,,
0,0.8217226266860962,0.18326038122177124,0.03388751298189163,1.6560379266738892,1.4765625,6149,,,,,,
0,0.9747845530509949,0.20362083613872528,0.03977203741669655,1.6387861967086792,1.640625,6199,,,,,,
0,1.2929179668426514,0.23634012043476105,0.060903165489435196,1.6257268190383911,1.765625,6249,,,,,,
0,0.8350633978843689,0.18206419050693512,0.03322490677237511,1.7003341913223267,1.4609375,6299,,,,,,
0,1.2011802196502686,0.21815656125545502,0.04552992060780525,1.637665033340454,1.734375,6349,,,,,,
0,0.9474927186965942,0.19868066906929016,0.04842833802103996,1.5486695766448975,1.5,6399,,,,,,
0,0.9662948250770569,0.19415543973445892,0.04126601666212082,1.6170672178268433,1.515625,6449,,,,,,
0,1.2538511753082275,0.2076180875301361,0.04181592911481857,1.6388087272644043,1.65625,6499,,,,,,
0,0.9288042783737183,0.18423296511173248,0.035048797726631165,1.637166976928711,1.4765625,6549,,,,,,
0,0.9790439605712891,0.21452641487121582,0.04611318185925484,1.6069493293762207,1.6953125,6599,,,,,,
0,1.3392561674118042,0.2127162218093872,0.04769625887274742,1.6582452058792114,1.6484375,6649,,,,,,
0,1.0260965824127197,0.22067855298519135,0.03768385946750641,1.6002507209777832,1.859375,6699,,,,,,
0,1.0604170560836792,0.20637601613998413,0.05390065163373947,1.575660228729248,1.5234375,6749,,,,,,
0,1.1294035911560059,0.21731974184513092,0.055989425629377365,1.5822498798370361,1.6171875,6799,,,,,,
0,1.159529685974121,0.20442935824394226,0.04285688325762749,1.6064660549163818,1.6171875,6849,,,,,,
0,0.9238304495811462,0.20207375288009644,0.04229264706373215,1.6226404905319214,1.59375,6899,,,,,,
0,0.7274439334869385,0.17621849477291107,0.031446270644664764,1.5865967273712158,1.4296875,6949,,,,,,
0,1.0603336095809937,0.21532900631427765,0.051054447889328,1.5837057828903198,1.6484375,6999,,,,,,
0,0.9441429972648621,0.18669773638248444,0.03365388885140419,1.6325101852416992,1.5234375,7049,,,,,,
0,1.0064828395843506,0.20556695759296417,0.046707022935152054,1.6281816959381104,1.5859375,7099,,,,,,
0,0.9592673182487488,0.20432284474372864,0.04228197783231735,1.5556490421295166,1.6328125,7149,,,,,,
0,1.181230068206787,0.2040049284696579,0.052089277654886246,1.617347240447998,1.5078125,7199,,,,,,
0,0.819830060005188,0.18560755252838135,0.042782798409461975,1.5871624946594238,1.40625,7249,,,,,,
0,1.2607301473617554,0.2418007254600525,0.05790964141488075,1.4945778846740723,1.875,7299,,,,,,
0,0.7967766523361206,0.1902795433998108,0.03740076348185539,1.6160030364990234,1.515625,7349,,,,,,
0,0.752143383026123,0.1733972728252411,0.03649946674704552,1.5315771102905273,1.3515625,7399,,,,,,
0,0.7227261662483215,0.17729341983795166,0.026697078719735146,1.5830706357955933,1.5,7449,,,,,,
0,1.086753010749817,0.19549141824245453,0.04311859607696533,1.5654070377349854,1.515625,7499,,,,,,
0,1.0612074136734009,0.20317359268665314,0.04189315810799599,1.5772624015808105,1.6171875,7549,,,,,,
0,0.7208337187767029,0.1852434277534485,0.03766908124089241,1.5738409757614136,1.4609375,7599,,,,,,
0,0.9958088397979736,0.19462811946868896,0.03881397470831871,1.5189133882522583,1.5625,7649,,,,,,
0,0.7583082914352417,0.19205015897750854,0.039413150399923325,1.5918248891830444,1.515625,7699,,,,,,
0,0.9042320251464844,0.1802724152803421,0.03255273774266243,1.588374376296997,1.46875,7749,,,,,,
0,1.1001863479614258,0.20875011384487152,0.05774351581931114,1.624097228050232,1.5,7799,,,,,,
0,1.0346763134002686,0.20369122922420502,0.04847853258252144,1.5564265251159668,1.546875,7849,,,,,,
0,0.8402812480926514,0.2144622802734375,0.04663040116429329,1.5488126277923584,1.6875,7899,,,,,,
0,0.8364529609680176,0.20396746695041656,0.04604682698845863,1.6319079399108887,1.5703125,7949,,,,,,
0,0.9348837733268738,0.2015286535024643,0.04484885185956955,1.6054790019989014,1.5625,7999,,,,,,
0,1.297798991203308,0.19765633344650269,0.04727821424603462,1.5612494945526123,1.4921875,8049,,,,,,
0,0.900337815284729,0.1882883757352829,0.035643596202135086,1.5926028490066528,1.5234375,8099,,,,,,
0,0.8354784846305847,0.19584664702415466,0.03766315057873726,1.560537338256836,1.5859375,8149,,,,,,
0,0.9176335334777832,0.20155078172683716,0.033458489924669266,1.5748547315597534,1.6875,8199,,,,,,
0,0.771963894367218,0.18586532771587372,0.0334051251411438,1.5741450786590576,1.515625,8249,,,,,,
0,0.8168039321899414,0.1898806095123291,0.03733639791607857,1.5825468301773071,1.5234375,8299,,,,,,
0,0.9093406200408936,0.19416804611682892,0.04017101228237152,1.532515525817871,1.5390625,8349,,,,,,
0,0.7132351398468018,0.1747910976409912,0.030315542593598366,1.5569300651550293,1.4296875,8399,,,,,,
0,0.8272173404693604,0.19589996337890625,0.04052709415555,1.5724436044692993,1.5546875,8449,,,,,,
0,1.1100138425827026,0.19714665412902832,0.04762604460120201,1.5731548070907593,1.484375,8499,,,,,,
0,0.7999843955039978,0.19331161677837372,0.038654495030641556,1.5985256433486938,1.5390625,8549,,,,,,
0,0.8876158595085144,0.20356564223766327,0.0399068184196949,1.5221328735351562,1.6484375,8599,,,,,,
0,0.8739153742790222,0.17122186720371246,0.031693968921899796,1.5992751121520996,1.375,8649,,,,,,
0,0.8913238644599915,0.19251959025859833,0.036571089178323746,1.6300071477890015,1.546875,8699,,,,,,
0,1.1129041910171509,0.20587073266506195,0.05348150432109833,1.5670472383499146,1.515625,8749,,,,,,
0,0.8501307964324951,0.1900181621313095,0.02978350780904293,1.570340633392334,1.6015625,8799,,,,,,
0,0.707997739315033,0.17850865423679352,0.028482595458626747,1.5260422229766846,1.5,8849,,,,,,
0,0.8185833096504211,0.19364313781261444,0.038353800773620605,1.564090371131897,1.5546875,8899,,,,,,
0,0.952305018901825,0.19724278151988983,0.04203252121806145,1.5561816692352295,1.546875,8949,,,,,,
0,0.8471543788909912,0.1830550879240036,0.038217075169086456,1.593177080154419,1.4375,8999,,,,,,
0,0.7229941487312317,0.18831974267959595,0.03583100810647011,1.5769994258880615,1.515625,9049,,,,,,
0,0.9843846559524536,0.20646651089191437,0.04959721118211746,1.5267751216888428,1.5703125,9099,,,,,,
0,0.9314391016960144,0.18864738941192627,0.0384078212082386,1.5473947525024414,1.5,9149,,,,,,
0,0.8704749941825867,0.1705966591835022,0.030503127723932266,1.5581820011138916,1.3828125,9199,,,,,,
0,0.9770607352256775,0.21504046022891998,0.03850357607007027,1.5404069423675537,1.7890625,9249,,,,,,
0,0.8661659359931946,0.1884373128414154,0.03508864715695381,1.565335988998413,1.53125,9299,,,,,,
0,0.6837162375450134,0.17542995512485504,0.030040979385375977,1.5506157875061035,1.4453125,9349,,,,,,
0,1.010565996170044,0.2042822390794754,0.03962906822562218,1.5239111185073853,1.65625,9399,,,,,,
0,1.0226784944534302,0.19999830424785614,0.04045671969652176,1.5010340213775635,1.6015625,9449,,,,,,
0,0.8034704327583313,0.20473645627498627,0.0303413737565279,1.5215394496917725,1.7734375,9499,,,,,,
0,1.007265567779541,0.2034071832895279,0.04158686101436615,1.533595085144043,1.625,9549,,,,,,
0,0.8983955979347229,0.19892440736293793,0.03863537311553955,1.5757778882980347,1.6015625,9599,,,,,,
0,0.8391941785812378,0.18655294179916382,0.03943686559796333,1.6256697177886963,1.453125,9649,,,,,,
0,0.662140965461731,0.1769644320011139,0.026177937164902687,1.602086067199707,1.4921875,9699,,,,,,
0,0.8355106711387634,0.20341216027736664,0.04213380068540573,1.5770540237426758,1.6171875,9749,,,,,,
0,0.7340829968452454,0.17699189484119415,0.030603613704442978,1.552890419960022,1.453125,9799,,,,,,
0,0.7520225048065186,0.1657673418521881,0.025360921397805214,1.5894689559936523,1.3828125,9849,,,,,,
0,0.7679463028907776,0.18413782119750977,0.0329747274518013,1.6397483348846436,1.4921875,9899,,,,,,
0,0.8417867422103882,0.17313776910305023,0.027467362582683563,1.5787583589553833,1.4453125,9949,,,,,,
0,0.9346078038215637,0.19827403128147125,0.040789298713207245,1.5883169174194336,1.578125,9999,,,,,,
0,0.7347977161407471,0.19529186189174652,0.034515805542469025,1.6244810819625854,1.6015625,10049,,,,,,
0,0.8374018669128418,0.19176888465881348,0.04058371111750603,1.5442990064620972,1.5078125,10099,,,,,,
0,0.9985424280166626,0.19283635914325714,0.03204948827624321,1.5279061794281006,1.6171875,10149,,,,,,
0,0.8255636096000671,0.194869264960289,0.03748472407460213,1.5782978534698486,1.5703125,10199,,,,,,
0,0.8349902629852295,0.1790258288383484,0.0300711989402771,1.5165574550628662,1.484375,10249,,,,,,
0,0.7064367532730103,0.18008098006248474,0.033174656331539154,1.6046948432922363,1.453125,10299,,,,,,
0,0.6620004177093506,0.18539880216121674,0.03236881643533707,1.5334676504135132,1.53125,10349,,,,,,
0,0.7337942123413086,0.1772509664297104,0.031123915687203407,1.5267665386199951,1.453125,10399,,,,,,
0,0.787915825843811,0.18115513026714325,0.03826601430773735,1.5935986042022705,1.40625,10449,,,,,,
0,0.7178183794021606,0.16603760421276093,0.03050929307937622,1.5411124229431152,1.3359375,10499,,,,,,
0,0.8635328412055969,0.19747473299503326,0.046194154769182205,1.5538398027420044,1.5078125,10549,,,,,,
0,0.9582563638687134,0.1938963532447815,0.04167180135846138,1.5505805015563965,1.515625,10599,,,,,,
0,0.7404425740242004,0.18488572537899017,0.031874556094408035,1.5315865278244019,1.53125,10649,,,,,,
0,0.6719130873680115,0.1801176816225052,0.032303109765052795,1.5002074241638184,1.4765625,10699,,,,,,
0,0.77488774061203,0.18304337561130524,0.03350188210606575,1.5752438306808472,1.484375,10749,,,,,,
0,0.8766067624092102,0.1964189112186432,0.04552381485700607,1.5152900218963623,1.5078125,10799,,,,,,
0,0.7168287634849548,0.18458615243434906,0.03252376616001129,1.5343637466430664,1.5234375,10849,,,,,,
0,0.804098904132843,0.19683030247688293,0.04907377436757088,1.5920590162277222,1.4609375,10899,,,,,,
0,0.8452616333961487,0.18903648853302002,0.041420865803956985,1.5779693126678467,1.46875,10949,,,,,,
0,0.7442864775657654,0.1870296150445938,0.03600882366299629,1.527861475944519,1.5078125,10999,,,,,,
0,0.951816976070404,0.2012551724910736,0.04038232937455177,1.5365029573440552,1.6171875,11049,,,,,,
0,0.6287299990653992,0.17733599245548248,0.024906357750296593,1.571088433265686,1.515625,11099,,,,,,
0,0.8130662441253662,0.18982966244220734,0.03205413371324539,1.5197409391403198,1.5859375,11149,,,,,,
0,0.9696080088615417,0.1991695910692215,0.05173360928893089,1.5600045919418335,1.4609375,11199,,,,,,
0,0.9063473343849182,0.19422432780265808,0.050101056694984436,1.5217026472091675,1.4375,11249,,,,,,
0,0.6268578767776489,0.17888012528419495,0.026775546371936798,1.5385832786560059,1.515625,11299,,,,,,
0,0.7367554306983948,0.18094269931316376,0.03784710913896561,1.5165905952453613,1.421875,11349,,,,,,
0,0.7027781009674072,0.17454837262630463,0.031970057636499405,1.562519907951355,1.4140625,11399,,,,,,
0,0.5688939690589905,0.1582760214805603,0.019301213324069977,1.5439660549163818,1.375,11449,,,,,,
0,0.6150133609771729,0.17163410782814026,0.025105245411396027,1.4692935943603516,1.46875,11499,,,,,,
0,0.7317811250686646,0.17587850987911224,0.03701331838965416,1.5330026149749756,1.375,11549,,,,,,
0,0.6641643047332764,0.18419373035430908,0.026640726253390312,1.5951446294784546,1.578125,11599,,,,,,
0,0.8196780681610107,0.1705082505941391,0.02484619989991188,1.5779242515563965,1.4453125,11649,,,,,,
0,0.7528058886528015,0.17660599946975708,0.033204738050699234,1.5471584796905518,1.421875,11699,,,,,,
0,0.7336121797561646,0.1725345402956009,0.031116319820284843,1.5441663265228271,1.3984375,11749,,,,,,
0,0.8805704116821289,0.1895815134048462,0.03530213609337807,1.4630941152572632,1.546875,11799,,,,,,
0,0.8898136615753174,0.1907835155725479,0.05008712783455849,1.5696392059326172,1.390625,11849,,,,,,
0,0.8530884981155396,0.1739833503961563,0.040687043219804764,1.5132246017456055,1.3125,11899,,,,,,
0,0.8276280760765076,0.19035890698432922,0.045498061925172806,1.5954604148864746,1.4375,11949,,,,,,
0,0.6855882406234741,0.1783357411623001,0.026016000658273697,1.5601000785827637,1.515625,11999,,,,,,
0,0.7774396538734436,0.18109911680221558,0.0302820336073637,1.5074889659881592,1.5078125,12049,,,,,,
0,0.9244074821472168,0.1896108090877533,0.03827335312962532,1.559527039527893,1.5078125,12099,,,,,,
0,0.9210669994354248,0.1771945059299469,0.040325768291950226,1.528671145439148,1.3515625,12149,,,,,,
0,0.8470887541770935,0.19282686710357666,0.04406658932566643,1.4971215724945068,1.484375,12199,,,,,,
0,1.0111266374588013,0.21003901958465576,0.051372405141592026,1.5111918449401855,1.59375,12249,,,,,,
0,0.7131150364875793,0.18269091844558716,0.03288584202528,1.6016004085540771,1.484375,12299,,,,,,
0,0.6704476475715637,0.17726664245128632,0.030609210953116417,1.4821499586105347,1.4609375,12349,,,,,,
0,0.7418252229690552,0.1758466511964798,0.029127413406968117,1.4883298873901367,1.4609375,12399,,,,,,
0,0.8853652477264404,0.19395917654037476,0.03320641443133354,1.524495244026184,1.6171875,12449,,,,,,
0,0.8585212826728821,0.18516911566257477,0.04284803196787834,1.5367956161499023,1.40625,12499,,,,,,
0,0.7056853175163269,0.1753973811864853,0.0331350713968277,1.5309181213378906,1.40625,12549,,,,,,
0,0.8545595407485962,0.18668079376220703,0.03560107946395874,1.533752679824829,1.5078125,12599,,,,,,
0,0.8729089498519897,0.19977594912052155,0.04284698888659477,1.5327394008636475,1.578125,12649,,,,,,
0,0.864132821559906,0.19285783171653748,0.04208461567759514,1.5031020641326904,1.5078125,12699,,,,,,
0,0.7643933892250061,0.17857757210731506,0.030602557584643364,1.516251802444458,1.4765625,12749,,,,,,
0,0.811496376991272,0.18873770534992218,0.03811671957373619,1.4878801107406616,1.5078125,12799,,,,,,
0,0.8247298002243042,0.1745000034570694,0.036512963473796844,1.5428438186645508,1.359375,12849,,,,,,
0,0.8077060580253601,0.18153409659862518,0.03434642404317856,1.5351731777191162,1.4609375,12899,,,,,,
0,0.6286322474479675,0.16392527520656586,0.023745786398649216,1.566776990890503,1.3828125,12949,,,,,,
0,0.7167823910713196,0.17343077063560486,0.03330335021018982,1.5127418041229248,1.390625,12999,,,,,,
0,0.7877905964851379,0.19367294013500214,0.03866942226886749,1.5355076789855957,1.5546875,13049,,,,,,
0,0.6665451526641846,0.17397978901863098,0.03404032066464424,1.4939477443695068,1.390625,13099,,,,,,
0,0.7482025027275085,0.17918406426906586,0.030364563688635826,1.5030450820922852,1.484375,13149,,,,,,
0,0.6593412160873413,0.1563740074634552,0.022259699180722237,1.5461965799331665,1.3203125,13199,,,,,,
0,0.8077036738395691,0.19283515214920044,0.03547384962439537,1.478317141532898,1.5859375,13249,,,,,,
0,0.6499345898628235,0.16838471591472626,0.030792707577347755,1.6009975671768188,1.3515625,13299,,,,,,
0,0.7350454926490784,0.17596516013145447,0.035448722541332245,1.5516433715820312,1.390625,13349,,,,,,
0,0.6715220212936401,0.1588539183139801,0.023800378665328026,1.5424644947052002,1.328125,13399,,,,,,
0,0.6319310665130615,0.17586301267147064,0.02845989353954792,1.5567190647125244,1.46875,13449,,,,,,
0,0.7152837514877319,0.18162085115909576,0.028445018455386162,1.5480525493621826,1.53125,13499,,,,,,
0,0.7347686290740967,0.157495379447937,0.022540803998708725,1.4837384223937988,1.3359375,13549,,,,,,
0,0.6783908605575562,0.17139628529548645,0.03285631909966469,1.549309253692627,1.3671875,13599,,,,,,
0,0.6792133450508118,0.17055512964725494,0.03143381327390671,1.460958480834961,1.3828125,13649,,,,,,
0,0.7525995373725891,0.1796739250421524,0.02847134694457054,1.5460387468338013,1.5078125,13699,,,,,,
0,0.8287033438682556,0.18355171382427216,0.031171852722764015,1.4684536457061768,1.53125,13749,,,,,,
0,0.6801069378852844,0.16922010481357574,0.03609900549054146,1.4957036972045898,1.3125,13799,,,,,,
0,0.6337119936943054,0.15991395711898804,0.024026650935411453,1.4793559312820435,1.34375,13849,,,,,,
0,0.8804061412811279,0.17945675551891327,0.026742417365312576,1.5019023418426514,1.53125,13899,,,,,,
0,0.8613872528076172,0.19452668726444244,0.04013356193900108,1.57212495803833,1.5390625,13949,,,,,,
0,0.6596404314041138,0.17298723757266998,0.030553970485925674,1.5480148792266846,1.40625,13999,,,,,,
0,0.8143287301063538,0.1814010739326477,0.03264593333005905,1.4966065883636475,1.484375,14049,,,,,,
0,0.8897538781166077,0.17695149779319763,0.03241940960288048,1.5625832080841064,1.4375,14099,,,,,,
0,0.6429029107093811,0.15897613763809204,0.02121572382748127,1.5201821327209473,1.359375,14149,,,,,,
0,0.7346603870391846,0.18366315960884094,0.03658384084701538,1.524338722229004,1.46875,14199,,,,,,
0,0.7127546668052673,0.1705496609210968,0.036092448979616165,1.5804877281188965,1.3203125,14249,,,,,,
0,0.8265377879142761,0.1834675371646881,0.043814096599817276,1.6118290424346924,1.375,14299,,,,,,
0,0.8377321362495422,0.17632274329662323,0.03518996387720108,1.5156220197677612,1.3984375,14349,,,,,,
0,0.7292144894599915,0.1936371922492981,0.03379790857434273,1.5308033227920532,1.609375,14399,,,,,,
0,0.6865609288215637,0.16884222626686096,0.03242790699005127,1.4832282066345215,1.3515625,14449,,,,,,
0,0.8514531850814819,0.18075723946094513,0.032417621463537216,1.5527112483978271,1.4765625,14499,,,,,,
0,0.6954692006111145,0.16938850283622742,0.026289552450180054,1.5169258117675781,1.421875,14549,,,,,,
0,0.7637621164321899,0.18090543150901794,0.027007028460502625,1.522653579711914,1.5390625,14599,,,,,,
0,0.8356637358665466,0.191046804189682,0.04396582394838333,1.5245044231414795,1.46875,14649,,,,,,
0,0.7733373045921326,0.18056625127792358,0.03610856086015701,1.555145025253296,1.4375,14699,,,,,,
0,0.6364075541496277,0.15976065397262573,0.027356544509530067,1.5216598510742188,1.3046875,14749,,,,,,
0,0.6430323719978333,0.16028736531734467,0.03023678809404373,1.530449628829956,1.2734375,14799,,,,,,
0,0.8671671152114868,0.18804551661014557,0.04016268253326416,1.5070340633392334,1.4765625,14849,,,,,,
0,0.8738213181495667,0.17948143184185028,0.03949489817023277,1.5474815368652344,1.3828125,14899,,,,,,
0,0.8584444522857666,0.18901470303535461,0.03770073130726814,1.5571787357330322,1.5078125,14949,,,,,,
0,0.662103533744812,0.16414518654346466,0.03104868158698082,1.5909004211425781,1.3046875,14999,,,,,,
0,0.8369691371917725,0.15973150730133057,0.030610522255301476,1.5839734077453613,1.2578125,15049,,,,,,
0,0.8278844356536865,0.19015203416347504,0.03711056709289551,1.5346148014068604,1.53125,15099,,,,,,
0,0.6368581056594849,0.15232275426387787,0.025236882269382477,1.5269474983215332,1.2421875,15149,,,,,,
0,0.6763867139816284,0.1620337963104248,0.030197901651263237,1.562495470046997,1.2890625,15199,,,,,,
0,0.7067834734916687,0.17148485779762268,0.033303152769804,1.562310814857483,1.359375,15249,,,,,,
0,0.621017575263977,0.17535530030727386,0.029765387997031212,1.5707111358642578,1.4453125,15299,,,,,,
0,0.7510966658592224,0.17509478330612183,0.028036529198288918,1.522231101989746,1.4609375,15349,,,,,,
0,0.8174959421157837,0.19339601695537567,0.040447235107421875,1.5253472328186035,1.53125,15399,,,,,,
0,0.7843943238258362,0.1743539571762085,0.04314423352479935,1.4998795986175537,1.2890625,15449,,,,,,
0,0.6591048240661621,0.16074447333812714,0.026698065921664238,1.5394058227539062,1.3203125,15499,,,,,,
0,0.6219930648803711,0.16926822066307068,0.02805389277637005,1.5237758159637451,1.3984375,15549,,,,,,
0,0.7624403238296509,0.1808498650789261,0.040987174957990646,1.4862686395645142,1.390625,15599,,,,,,
0,0.8330928087234497,0.19994322955608368,0.041096676141023636,1.5291876792907715,1.59375,15649,,,,,,
0,0.7182053923606873,0.17466174066066742,0.027344465255737305,1.548133373260498,1.46875,15699,,,,,,
0,0.6963995695114136,0.1623075008392334,0.028944645076990128,1.5198804140090942,1.3125,15749,,,,,,
0,0.9262530207633972,0.2008596956729889,0.041164055466651917,1.5164384841918945,1.6015625,15799,,,,,,
0,0.7783823013305664,0.18617868423461914,0.029793526977300644,1.576014757156372,1.5625,15849,,,,,,
0,0.7693668007850647,0.18294832110404968,0.04034421965479851,1.5650973320007324,1.40625,15899,,,,,,
0,0.6469659805297852,0.16756869852542877,0.030119584873318672,1.4890525341033936,1.359375,15949,,,,,,
0,0.7655293941497803,0.17038290202617645,0.0261441208422184,1.5332529544830322,1.4375,15999,,,,,,
0,0.6187041401863098,0.1626110076904297,0.02457304857671261,1.4991095066070557,1.3671875,16049,,,,,,
0,0.6518193483352661,0.15874628722667694,0.028653357177972794,1.534684658050537,1.2734375,16099,,,,,,
0,0.9651744365692139,0.17250409722328186,0.03204590827226639,1.5458192825317383,1.390625,16149,,,,,,
0,0.7457087635993958,0.17386271059513092,0.030318716540932655,1.561429738998413,1.421875,16199,,,,,,
0,0.8959766626358032,0.17568321526050568,0.03768450766801834,1.5440118312835693,1.359375,16249,,,,,,
0,0.863894522190094,0.16731688380241394,0.024458816275000572,1.492837905883789,1.421875,16299,,,,,,
0,0.7700366973876953,0.17645174264907837,0.03194544091820717,1.5600056648254395,1.4375,16349,,,,,,
0,0.6282601356506348,0.16557636857032776,0.030060384422540665,1.5398796796798706,1.3359375,16399,,,,,,
0,0.6715312004089355,0.16717173159122467,0.029225200414657593,1.4899661540985107,1.3671875,16449,,,,,,
0,0.7311848402023315,0.16248944401741028,0.027727210894227028,1.5133328437805176,1.328125,16499,,,,,,
0,0.9371342062950134,0.18660414218902588,0.05298491567373276,1.5455150604248047,1.3125,16549,,,,,,
0,0.693300187587738,0.16036880016326904,0.03305741026997566,1.5006704330444336,1.25,16599,,,,,,
0,0.6842809319496155,0.16953884065151215,0.02447051741182804,1.518549919128418,1.4453125,16649,,,,,,
0,0.7250767946243286,0.17024177312850952,0.03007376566529274,1.5656296014785767,1.3828125,16699,,,,,,
0,0.934280514717102,0.19180534780025482,0.04388520121574402,1.5107650756835938,1.4765625,16749,,,,,,
0,0.8540942072868347,0.18187065422534943,0.0467798188328743,1.54619300365448,1.328125,16799,,,,,,
0,0.8099316954612732,0.17957907915115356,0.03251783549785614,1.5225307941436768,1.46875,16849,,,,,,
0,0.6870440244674683,0.16410920023918152,0.02718515321612358,1.5342011451721191,1.3515625,16899,,,,,,
0,0.8962199091911316,0.18336619436740875,0.035007525235414505,1.5546174049377441,1.4765625,16949,,,,,,
0,0.5884538888931274,0.1560908406972885,0.01976970210671425,1.5227388143539429,1.34375,16999,,,,,,
0,0.6849403381347656,0.17335307598114014,0.03374485671520233,1.5096498727798462,1.3828125,17049,,,,,,
0,0.6224284768104553,0.16800028085708618,0.02905752696096897,1.5407588481903076,1.375,17099,,,,,,
0,0.8508111238479614,0.17855361104011536,0.03791101649403572,1.61308753490448,1.3828125,17149,,,,,,
0,0.7299594879150391,0.15621605515480042,0.023926757276058197,1.6078346967697144,1.2890625,17199,,,,,,
0,0.8570248484611511,0.1823263168334961,0.038823772221803665,1.5572866201400757,1.421875,17249,,,,,,
0,0.7342995405197144,0.17899203300476074,0.03544628620147705,1.4639489650726318,1.4296875,17299,,,,,,
0,0.73157799243927,0.1624651998281479,0.02677026577293873,1.5577752590179443,1.3359375,17349,,,,,,
0,0.7715163230895996,0.17548686265945435,0.02880270592868328,1.4848217964172363,1.46875,17399,,,,,,
0,0.6125950813293457,0.16255179047584534,0.024465836584568024,1.5527374744415283,1.359375,17449,,,,,,
0,0.6879598498344421,0.1686548888683319,0.030703062191605568,1.5393224954605103,1.359375,17499,,,,,,
0,0.6550066471099854,0.16572043299674988,0.02471793070435524,1.6002510786056519,1.390625,17549,,,,,,
0,0.7472982406616211,0.17634525895118713,0.026262983679771423,1.5316658020019531,1.5,17599,,,,,,
0,0.660333514213562,0.15184558928012848,0.02165052480995655,1.5448975563049316,1.2734375,17649,,,,,,
0,0.6386290192604065,0.1583985537290573,0.021117577329277992,1.4722373485565186,1.359375,17699,,,,,,
0,0.6367007493972778,0.16091398894786835,0.021525612100958824,1.5853230953216553,1.375,17749,,,,,,
0,0.8975270390510559,0.19578100740909576,0.043438900262117386,1.5623365640640259,1.515625,17799,,,,,,
0,0.7504530549049377,0.18045853078365326,0.03698765113949776,1.55411958694458,1.421875,17849,,,,,,
0,0.6422696113586426,0.1594514101743698,0.025691797956824303,1.5595554113388062,1.3125,17899,,,,,,
0,0.700679361820221,0.17459934949874878,0.03460890054702759,1.5478726625442505,1.3828125,17949,,,,,,
0,0.8824765682220459,0.18952451646327972,0.03465624153614044,1.5219835042953491,1.5546875,17999,,,,,,
0,0.6982178688049316,0.1630944460630417,0.024934517219662666,1.560133695602417,1.359375,18049,,,,,,
0,0.834527313709259,0.17582310736179352,0.036139026284217834,1.517236590385437,1.3828125,18099,,,,,,
0,0.6326615810394287,0.15888936817646027,0.024577494710683823,1.565953016281128,1.3203125,18149,,,,,,
0,0.7867878675460815,0.18492497503757477,0.030101759359240532,1.5174771547317505,1.546875,18199,,,,,,
0,0.5934841632843018,0.15529339015483856,0.021666446700692177,1.546288251876831,1.3125,18249,,,,,,
0,0.8357386589050293,0.17898939549922943,0.03742430731654167,1.5588526725769043,1.3984375,18299,,,,,,
0,0.8099575042724609,0.16965000331401825,0.03310110792517662,1.6431710720062256,1.3359375,18349,,,,,,
0,0.7550073862075806,0.1752307415008545,0.0365305170416832,1.5653343200683594,1.3671875,18399,,,,,,
0,0.6635732054710388,0.15657472610473633,0.025549694895744324,1.5790655612945557,1.28125,18449,,,,,,
0,0.5686632990837097,0.156012624502182,0.018722129985690117,1.570845603942871,1.3515625,18499,,,,,,
0,0.606425404548645,0.15881793200969696,0.02191299945116043,1.5811196565628052,1.34375,18549,,,,,,
0,0.612125039100647,0.16794197261333466,0.02633015438914299,1.5635257959365845,1.3984375,18599,,,,,,
0,0.6601569652557373,0.16009074449539185,0.02553451806306839,1.5903887748718262,1.3203125,18649,,,,,,
0,0.8617427945137024,0.175875723361969,0.033728331327438354,1.5194274187088013,1.40625,18699,,,,,,
0,0.5995700359344482,0.14628824591636658,0.021812178194522858,1.558936357498169,1.2109375,18749,,,,,,
0,0.6793403029441833,0.16206544637680054,0.028384897857904434,1.551649570465088,1.3125,18799,,,,,,
0,0.7990119457244873,0.16520941257476807,0.026660317555069923,1.5502216815948486,1.3671875,18849,,,,,,
0,0.6066828966140747,0.15725941956043243,0.02351258508861065,1.5582767724990845,1.3125,18899,,,,,,
0,0.6448858380317688,0.15926402807235718,0.025802534073591232,1.5297424793243408,1.3125,18949,,,,,,
0,1.042195200920105,0.18509943783283234,0.04817354679107666,1.5343860387802124,1.3515625,18999,,,,,,
0,0.7881162762641907,0.16171221435070038,0.03399214893579483,1.590367078781128,1.2421875,19049,,,,,,
0,0.7553331255912781,0.15965493023395538,0.025157595053315163,1.584498405456543,1.3203125,19099,,,,,,
0,0.8063449859619141,0.16379766166210175,0.03132465109229088,1.528550624847412,1.3046875,19149,,,,,,
0,0.6230440735816956,0.16045032441616058,0.023275932297110558,1.5592368841171265,1.3515625,19199,,,,,,
0,1.014074683189392,0.18609993159770966,0.048781536519527435,1.6224637031555176,1.34375,19249,,,,,,
0,0.8158958554267883,0.17240576446056366,0.03212931379675865,1.5276453495025635,1.390625,19299,,,,,,
0,0.6703751087188721,0.16943293809890747,0.03245769068598747,1.5881500244140625,1.34375,19349,,,,,,
0,0.6318472027778625,0.15058323740959167,0.02280847169458866,1.5470079183578491,1.25,19399,,,,,,
0,0.905907928943634,0.19239141047000885,0.035835135728120804,1.4954721927642822,1.578125,19449,,,,,,
0,0.8385322093963623,0.1723238080739975,0.034001775085926056,1.5763442516326904,1.359375,19499,,,,,,
0,0.6848148703575134,0.164869487285614,0.026873240247368813,1.5437653064727783,1.359375,19549,,,,,,
0,0.7284793853759766,0.16387809813022614,0.0261674951761961,1.466372013092041,1.3671875,19599,,,,,,
0,0.749142050743103,0.18191981315612793,0.03357518091797829,1.553214192390442,1.4765625,19649,,,,,,
0,0.6156842112541199,0.1557360589504242,0.023439589887857437,1.510896921157837,1.3046875,19699,,,,,,
0,0.7046660780906677,0.16031327843666077,0.027491692453622818,1.5634095668792725,1.3046875,19749,,,,,,
0,0.7341724038124084,0.17857252061367035,0.03260107710957527,1.511207103729248,1.453125,19799,,,,,,
0,0.7289541959762573,0.17456433176994324,0.027656588703393936,1.5071803331375122,1.46875,19849,,,,,,
0,0.6399533748626709,0.16720129549503326,0.025694238021969795,1.5530492067337036,1.3984375,19899,,,,,,
0,0.7150238752365112,0.16259586811065674,0.03028128482401371,1.5127079486846924,1.3046875,19949,,,,,,
0,0.6752515435218811,0.16246356070041656,0.025877956300973892,1.5491864681243896,1.34375,19999,,,,,,
0,0.5683164000511169,0.14825759828090668,0.017385665327310562,1.5637567043304443,1.28125,20049,,,,,,
0,0.6801199316978455,0.16226959228515625,0.03315070644021034,1.583763599395752,1.2578125,20099,,,,,,
0,0.5704917907714844,0.1585085690021515,0.020136723294854164,1.532496690750122,1.3671875,20149,,,,,,
0,0.6869374513626099,0.16553758084774017,0.027156075462698936,1.533463478088379,1.3671875,20199,,,,,,
0,0.6907628774642944,0.16069599986076355,0.026437371969223022,1.56062912940979,1.3203125,20249,,,,,,
0,0.906302273273468,0.1803181767463684,0.03756215050816536,1.5802910327911377,1.4140625,20299,,,,,,
0,0.8465512990951538,0.17179900407791138,0.03377491980791092,1.497721552848816,1.3671875,20349,,,,,,
0,0.7412056922912598,0.16643472015857697,0.03365199267864227,1.5595221519470215,1.3046875,20399,,,,,,
0,0.7455440759658813,0.15879805386066437,0.03164885565638542,1.533279538154602,1.2421875,20449,,,,,,
0,0.8340645432472229,0.17699234187602997,0.03476337343454361,1.5275852680206299,1.40625,20499,,,,,,
0,0.7693768739700317,0.17409804463386536,0.03387109935283661,1.5226938724517822,1.390625,20549,,,,,,
0,0.6044763326644897,0.15270794928073883,0.026929816231131554,1.5426576137542725,1.2265625,20599,,,,,,
0,0.7213081121444702,0.15859626233577728,0.02517017163336277,1.52620267868042,1.3125,20649,,,,,,
0,0.9341755509376526,0.17976269125938416,0.0383622907102108,1.5423836708068848,1.3984375,20699,,,,,,
0,0.6523913145065308,0.16171270608901978,0.025822676718235016,1.577284336090088,1.3359375,20749,,,,,,
0,0.6999920606613159,0.16755510866641998,0.030134690925478935,1.5838390588760376,1.3515625,20799,,,,,,
0,0.7820068001747131,0.16703173518180847,0.031417813152074814,1.5985013246536255,1.328125,20849,,,,,,
0,0.8157382011413574,0.17765182256698608,0.04253615811467171,1.499847412109375,1.3359375,20899,,,,,,
0,0.6561572551727295,0.16742195188999176,0.020611315965652466,1.4974703788757324,1.46875,20949,,,,,,
0,0.7808741331100464,0.1737501323223114,0.040201082825660706,1.5384987592697144,1.3125,20999,,,,,,
0,0.6453639268875122,0.15771158039569855,0.022678276523947716,1.491612195968628,1.3359375,21049,,,,,,
0,0.7348805069923401,0.17160020768642426,0.032495107501745224,1.5569946765899658,1.375,21099,,,,,,
0,0.6578059792518616,0.16293559968471527,0.02048099972307682,1.5501465797424316,1.4140625,21149,,,,,,
0,0.7721384167671204,0.18351827561855316,0.03502627834677696,1.567949891090393,1.4765625,21199,,,,,,
0,0.6951759457588196,0.16034333407878876,0.026371940970420837,1.5319045782089233,1.3203125,21249,,,,,,
0,0.5944576263427734,0.15888649225234985,0.020302388817071915,1.5048956871032715,1.375,21299,,,,,,
0,0.5931371450424194,0.14699426293373108,0.020113063976168633,1.5064787864685059,1.2421875,21349,,,,,,
0,0.5912194848060608,0.15557587146759033,0.020615871995687485,1.5331085920333862,1.328125,21399,,,,,,
0,0.6446698307991028,0.16321484744548798,0.029446907341480255,1.5603888034820557,1.3125,21449,,,,,,
0,0.7979540824890137,0.19727875292301178,0.04161127284169197,1.5042487382888794,1.5625,21499,,,,,,
0,0.6898900866508484,0.1634664386510849,0.02340812422335148,1.5546596050262451,1.3828125,21549,,,,,,
0,0.7651357650756836,0.16876952350139618,0.03033415414392948,1.5388493537902832,1.3671875,21599,,,,,,
0,0.8237920999526978,0.17542095482349396,0.04481300339102745,1.537357211112976,1.28125,21649,,,,,,
0,0.7250009179115295,0.1648227423429489,0.028186440467834473,1.5542552471160889,1.34375,21699,,,,,,
0,0.852910578250885,0.1616617888212204,0.0245111845433712,1.556856393814087,1.3515625,21749,,,,,,
0,0.7300716042518616,0.17587777972221375,0.03383588045835495,1.5088765621185303,1.40625,21799,,,,,,
0,0.6399710774421692,0.16704514622688293,0.025375481694936752,1.569309949874878,1.3984375,21849,,,,,,
0,0.7336661219596863,0.15571720898151398,0.0223854947835207,1.516765832901001,1.3125,21899,,,,,,
0,0.7391481995582581,0.17667491734027863,0.03183719143271446,1.5931472778320312,1.4296875,21949,,,,,,
0,0.687495231628418,0.18104635179042816,0.028938915580511093,1.5388679504394531,1.5234375,21999,,,,,,
0,0.7674862742424011,0.16720636188983917,0.028238708153367043,1.5432496070861816,1.375,22049,,,,,,
0,0.7767409682273865,0.16850407421588898,0.026552898809313774,1.4998053312301636,1.4140625,22099,,,,,,
0,0.7652466297149658,0.16551929712295532,0.03255118802189827,1.5780611038208008,1.3046875,22149,,,,,,
0,0.6079561710357666,0.1507127732038498,0.020236220210790634,1.524217128753662,1.28125,22199,,,,,,
0,0.6798633337020874,0.1668744832277298,0.028425395488739014,1.5402209758758545,1.3671875,22249,,,,,,
0,0.70664381980896,0.16487178206443787,0.02760446071624756,1.568528652191162,1.3515625,22299,,,,,,
0,0.7890515327453613,0.18000422418117523,0.024863382801413536,1.549241304397583,1.546875,22349,,,,,,
0,0.7299213409423828,0.18928708136081696,0.03346419706940651,1.5197889804840088,1.5625,22399,,,,,,
0,0.6326982975006104,0.15967422723770142,0.02158062718808651,1.504672646522522,1.3671875,22449,,,,,,
0,0.6485471725463867,0.15505708754062653,0.021133387461304665,1.5271347761154175,1.3203125,22499,,,,,,
0,0.5771531462669373,0.15681636333465576,0.02450489066541195,1.56122624874115,1.296875,22549,,,,,,
0,0.6470884680747986,0.1560589075088501,0.024444404989480972,1.5403567552566528,1.2890625,22599,,,,,,
0,0.7288178205490112,0.16752247512340546,0.023425476625561714,1.5190752744674683,1.4296875,22649,,,,,,
0,0.8207321763038635,0.16803869605064392,0.03475126251578331,1.609992265701294,1.3046875,22699,,,,,,
0,0.7634279131889343,0.17544253170490265,0.03333236277103424,1.6133606433868408,1.3984375,22749,,,,,,
0,0.5728246569633484,0.15448477864265442,0.021372267976403236,1.49484384059906,1.3125,22799,,,,,,
0,0.6983555555343628,0.16905730962753296,0.026974493637681007,1.5129691362380981,1.4140625,22849,,,,,,
0,0.5931788086891174,0.15359415113925934,0.02448979951441288,1.5823098421096802,1.2578125,22899,,,,,,
0,0.7160331010818481,0.16850265860557556,0.025227023288607597,1.534593939781189,1.421875,22949,,,,,,
0,1.0410797595977783,0.19708862900733948,0.05469081550836563,1.5444691181182861,1.40625,22999,,,,,,
0,0.6544092893600464,0.17342975735664368,0.025156565010547638,1.5460705757141113,1.4765625,23049,,,,,,
0,0.7843416929244995,0.1902626007795334,0.03543306142091751,1.5181105136871338,1.5546875,23099,,,,,,
0,0.5759273767471313,0.15359222888946533,0.027133816853165627,1.5130283832550049,1.234375,23149,,,,,,
0,0.6131792068481445,0.15810227394104004,0.01945805922150612,1.5597338676452637,1.3671875,23199,,,,,,
0,0.6062787175178528,0.1512054204940796,0.021038033068180084,1.542130708694458,1.2734375,23249,,,,,,
0,0.6908344626426697,0.1610555499792099,0.02573639526963234,1.5201966762542725,1.3359375,23299,,,,,,
0,0.7795161604881287,0.17032715678215027,0.03160012885928154,1.519187331199646,1.375,23349,,,,,,
0,0.7882498502731323,0.17291799187660217,0.03285178169608116,1.506620168685913,1.390625,23399,,,,,,
0,0.8460548520088196,0.1794142872095108,0.02937336452305317,1.5275300741195679,1.5,23449,,,,,,
0,0.6691349744796753,0.1583068072795868,0.022754894569516182,1.543472409248352,1.3359375,23499,,,,,,
0,0.7276549339294434,0.17082402110099792,0.030521120876073837,1.5302891731262207,1.390625,23549,,,,,,
0,0.853212833404541,0.16096189618110657,0.03590546175837517,1.5193150043487549,1.21875,23599,,,,,,
0,0.7538935542106628,0.17031757533550262,0.03244166448712349,1.5317325592041016,1.359375,23649,,,,,,
0,0.6245653629302979,0.14743362367153168,0.02034788765013218,1.5269320011138916,1.2421875,23699,,,,,,
0,0.6861926913261414,0.15923123061656952,0.020828723907470703,1.486734390258789,1.375,23749,,,,,,
0,0.6502419114112854,0.171738862991333,0.02729947306215763,1.5533127784729004,1.4296875,23799,,,,,,
0,0.5604866743087769,0.15425270795822144,0.018473684787750244,1.5661835670471191,1.3359375,23849,,,,,,
0,0.7291111946105957,0.16282644867897034,0.02740553952753544,1.530371904373169,1.3359375,23899,,,,,,
0,0.6903363466262817,0.15277846157550812,0.022915862500667572,1.5116499662399292,1.2734375,23949,,,,,,
0,0.6467496156692505,0.16055238246917725,0.02744055725634098,1.5924323797225952,1.3046875,23999,,,,,,
0,0.6468573212623596,0.1473691314458847,0.018438445404171944,1.564943552017212,1.2578125,24049,,,,,,
0,0.8641672134399414,0.2025415450334549,0.028306875377893448,1.505499005317688,1.765625,24099,,,,,,
0,0.5784972906112671,0.14321964979171753,0.017308004200458527,1.5560085773468018,1.2265625,24149,,,,,,
0,0.8064665198326111,0.18434244394302368,0.03626387566328049,1.5266056060791016,1.4765625,24199,,,,,,
0,0.6069966554641724,0.1540990024805069,0.02176184020936489,1.5149667263031006,1.3046875,24249,,,,,,
0,0.8069748878479004,0.16986438632011414,0.032844699919223785,1.5437657833099365,1.3515625,24299,,,,,,
0,0.6635751724243164,0.15991410613059998,0.022961726412177086,1.5858641862869263,1.34375,24349,,,,,,
0,0.7448769807815552,0.165226548910141,0.02336057648062706,1.5889403820037842,1.3984375,24399,,,,,,
0,0.6317673921585083,0.15413573384284973,0.02405407838523388,1.5335566997528076,1.2734375,24449,,,,,,
0,0.7311321496963501,0.17033898830413818,0.03349101543426514,1.5754218101501465,1.34375,24499,,,,,,
0,0.5518041849136353,0.15301202237606049,0.021384108811616898,1.5416979789733887,1.2890625,24549,,,,,,
0,0.6850405335426331,0.1620987355709076,0.030455317348241806,1.5432484149932861,1.2890625,24599,,,,,,
0,0.7198041677474976,0.17257894575595856,0.028807686641812325,1.4865009784698486,1.4375,24649,,,,,,
0,0.6545104384422302,0.15783803164958954,0.024819128215312958,1.4854836463928223,1.3125,24699,,,,,,
0,0.7725330591201782,0.1674947738647461,0.03378472477197647,1.5057716369628906,1.3203125,24749,,,,,,
0,0.760566771030426,0.16803081333637238,0.02972368337213993,1.5260250568389893,1.3671875,24799,,,,,,
0,0.7158005833625793,0.15460734069347382,0.025592099875211716,1.5733988285064697,1.2578125,24849,,,,,,
0,0.6247493028640747,0.14982666075229645,0.017959436401724815,1.5656297206878662,1.2890625,24899,,,,,,
0,0.570426881313324,0.15206743776798248,0.020378099754452705,1.5478397607803345,1.2890625,24949,,,,,,
0,0.6407796740531921,0.15642093122005463,0.02479858137667179,1.5411412715911865,1.2890625,24999,,,,,,
0,0.7865166068077087,0.1583675742149353,0.026930196210741997,1.5226433277130127,1.2890625,25049,,,,,,
0,0.7957296967506409,0.17428407073020935,0.023978356271982193,1.5540093183517456,1.5,25099,,,,,,
0,0.6415150761604309,0.14778022468090057,0.02129582315683365,1.5156288146972656,1.234375,25149,,,,,,
0,0.7114121913909912,0.15972037613391876,0.03103451244533062,1.5404605865478516,1.2578125,25199,,,,,,
0,0.6124857068061829,0.1559656709432602,0.023419376462697983,1.535879373550415,1.3046875,25249,,,,,,
0,0.6649689674377441,0.1662304401397705,0.025034312158823013,1.521957516670227,1.3984375,25299,,,,,,
0,0.82757169008255,0.16541032493114471,0.028910186141729355,1.4918110370635986,1.3515625,25349,,,,,,
0,0.6771706342697144,0.1594822257757187,0.021226605400443077,1.5697028636932373,1.359375,25399,,,,,,
0,0.9231611490249634,0.1810055524110794,0.03861239179968834,1.5440034866333008,1.4140625,25449,,,,,,
0,0.7654156684875488,0.16890954971313477,0.03532479330897331,1.542069435119629,1.3125,25499,,,,,,
0,0.6659830212593079,0.15825872123241425,0.024077896028757095,1.6016769409179688,1.3125,25549,,,,,,
0,0.8435999155044556,0.17426642775535583,0.03397727012634277,1.5289150476455688,1.390625,25599,,,,,,
0,0.624268114566803,0.14980767667293549,0.02432248741388321,1.5133634805679321,1.2265625,25649,,,,,,
0,0.7306901216506958,0.16972601413726807,0.02731606550514698,1.643338680267334,1.3984375,25699,,,,,,
0,1.0757136344909668,0.16420553624629974,0.030198829248547554,1.5354368686676025,1.3203125,25749,,,,,,
0,0.6719699501991272,0.15950226783752441,0.023819450289011,1.5565637350082397,1.3359375,25799,,,,,,
0,0.6270012855529785,0.14781160652637482,0.021096710115671158,1.5386775732040405,1.234375,25849,,,,,,
0,0.6592926979064941,0.1588628739118576,0.02087199129164219,1.5432289838790894,1.359375,25899,,,,,,
0,0.7061741948127747,0.16106072068214417,0.022326985374093056,1.5686851739883423,1.3671875,25949,,,,,,
0,0.7518846392631531,0.17463938891887665,0.03242270275950432,1.526355266571045,1.4140625,25999,,,,,,
0,0.6378451585769653,0.15450818836688995,0.02433478832244873,1.4939029216766357,1.28125,26049,,,,,,
0,0.8347005248069763,0.17518697679042816,0.03116251341998577,1.5118215084075928,1.4296875,26099,,,,,,
0,0.6919448971748352,0.17097947001457214,0.022523310035467148,1.5643662214279175,1.4765625,26149,,,,,,
0,0.8543723821640015,0.16187410056591034,0.027605388313531876,1.6104660034179688,1.3125,26199,,,,,,
0,0.8298001885414124,0.1824689656496048,0.03934586048126221,1.5193417072296143,1.421875,26249,,,,,,
0,0.6091492772102356,0.1530415266752243,0.027737313881516457,1.544093132019043,1.21875,26299,,,,,,
0,0.5667572617530823,0.15393699705600739,0.022055434063076973,1.5182349681854248,1.296875,26349,,,,,,
0,0.8848624229431152,0.18130940198898315,0.03452746942639351,1.4946000576019287,1.46875,26399,,,,,,
0,0.794840931892395,0.16629232466220856,0.024754073470830917,1.5561678409576416,1.3984375,26449,,,,,,
0,0.765467643737793,0.16387979686260223,0.028588304296135902,1.566258430480957,1.328125,26499,,,,,,
0,0.5987610816955566,0.1446089893579483,0.017369747161865234,1.5422831773757935,1.2421875,26549,,,,,,
0,0.6806214451789856,0.16993080079555511,0.024702513590455055,1.5345475673675537,1.4453125,26599,,,,,,
0,0.7517258524894714,0.1655423790216446,0.026919759809970856,1.557574987411499,1.3671875,26649,,,,,,
0,0.7011811137199402,0.15543413162231445,0.026449764147400856,1.5703110694885254,1.2578125,26699,,,,,,
0,0.7265381217002869,0.16365215182304382,0.024814436212182045,1.5302560329437256,1.375,26749,,,,,,
0,0.6551344990730286,0.14714816212654114,0.01995079591870308,1.5380957126617432,1.2421875,26799,,,,,,
0,0.8011339902877808,0.16766837239265442,0.031196633353829384,1.5377991199493408,1.34375,26849,,,,,,
0,0.9080742001533508,0.17719998955726624,0.031992774456739426,1.5324397087097168,1.4453125,26899,,,,,,
0,0.7227637767791748,0.1715734452009201,0.028037309646606445,1.560645341873169,1.421875,26949,,,,,,
0,0.8924834132194519,0.18795622885227203,0.03602725267410278,1.521022081375122,1.515625,26999,,,,,,
0,1.0025087594985962,0.19311732053756714,0.056354932487010956,1.5668636560440063,1.34375,27049,,,,,,
0,0.6890421509742737,0.14836129546165466,0.020062297582626343,1.5017751455307007,1.2578125,27099,,,,,,
0,0.5763083696365356,0.14806871116161346,0.02306683361530304,1.5138590335845947,1.21875,27149,,,,,,
0,0.7487935423851013,0.1600942760705948,0.023448364809155464,1.506388783454895,1.3515625,27199,,,,,,
0,0.8012629747390747,0.1646377295255661,0.034524817019701004,1.4878544807434082,1.28125,27249,,,,,,
0,0.780563473701477,0.16061365604400635,0.02780877612531185,1.5617387294769287,1.3046875,27299,,,,,,
0,0.7083818316459656,0.15528912842273712,0.02917863242328167,1.575892686843872,1.2265625,27349,,,,,,
0,0.6521016955375671,0.145771786570549,0.021727049723267555,1.5158007144927979,1.2109375,27399,,,,,,
0,0.6296652555465698,0.15744948387145996,0.019599953666329384,1.529092788696289,1.359375,27449,,,,,,
0,0.8714966773986816,0.18060418963432312,0.04502878710627556,1.5458213090896606,1.3359375,27499,,,,,,
0,0.7721688151359558,0.15987208485603333,0.023488471284508705,1.5289855003356934,1.34375,27549,,,,,,
0,0.7919653058052063,0.1803911030292511,0.02929418720304966,1.5354716777801514,1.5078125,27599,,,,,,
0,0.7195979952812195,0.16671381890773773,0.028470033779740334,1.5196903944015503,1.3671875,27649,,,,,,
0,0.6474055051803589,0.15106961131095886,0.02385733835399151,1.5884147882461548,1.234375,27699,,,,,,
0,0.8517329692840576,0.15601614117622375,0.0300117339938879,1.5652854442596436,1.2265625,27749,,,,,,
0,0.7489594221115112,0.16911546885967255,0.029478784650564194,1.5124967098236084,1.3828125,27799,,,,,,
0,0.5995288491249084,0.14631888270378113,0.019581696018576622,1.5409064292907715,1.234375,27849,,,,,,
0,0.6891946792602539,0.15590034425258636,0.027665678411722183,1.4953413009643555,1.2578125,27899,,,,,,
0,0.7771026492118835,0.16253072023391724,0.032396312803030014,1.5388303995132446,1.2734375,27949,,,,,,
0,0.5490827560424805,0.13472086191177368,0.018482685089111328,1.5652246475219727,1.1171875,27999,,,,,,
0,0.6493772864341736,0.145216703414917,0.018782449886202812,1.4617846012115479,1.2421875,28049,,,,,,
0,0.7844548225402832,0.1679382026195526,0.02784077264368534,1.5097423791885376,1.390625,28099,,,,,,
0,0.6400909423828125,0.14394336938858032,0.01929953135550022,1.5757112503051758,1.2109375,28149,,,,,,
0,0.5877147912979126,0.14669004082679749,0.023939291015267372,1.5328865051269531,1.1953125,28199,,,,,,
0,0.8978029489517212,0.16915006935596466,0.033970508724451065,1.5550663471221924,1.328125,28249,,,,,,
0,0.6983211040496826,0.15560699999332428,0.02412405051290989,1.527200698852539,1.2890625,28299,,,,,,
0,0.6691717505455017,0.1505022943019867,0.020237058401107788,1.5519137382507324,1.2734375,28349,,,,,,
0,0.7152178287506104,0.16376543045043945,0.020722223445773125,1.5113511085510254,1.421875,28399,,,,,,
0,0.7606894373893738,0.15235477685928345,0.025327153503894806,1.569951057434082,1.234375,28449,,,,,,
0,0.8293848633766174,0.17408491671085358,0.027884218841791153,1.534132719039917,1.453125,28499,,,,,,
0,0.7826213836669922,0.1527642011642456,0.01842311955988407,1.5688724517822266,1.3203125,28549,,,,,,
0,0.6206046938896179,0.1529080867767334,0.018864721059799194,1.5391019582748413,1.3203125,28599,,,,,,
0,0.7777890563011169,0.1767103224992752,0.025999069213867188,1.5945630073547363,1.4921875,28649,,,,,,
0,0.7227780222892761,0.16323238611221313,0.021126484498381615,1.515277624130249,1.4140625,28699,,,,,,
0,0.6342108249664307,0.14792780578136444,0.022195428609848022,1.5380809307098389,1.2265625,28749,,,,,,
0,0.6481163501739502,0.14051386713981628,0.015303639695048332,1.5346946716308594,1.21875,28799,,,,,,
0,1.018662691116333,0.19610880315303802,0.05236198380589485,1.4840573072433472,1.4296875,28849,,,,,,
0,0.561947762966156,0.1377090960741043,0.018308665603399277,1.5396519899368286,1.15625,28899,,,,,,
0,0.7472134828567505,0.1597854644060135,0.02139681577682495,1.5341768264770508,1.3671875,28949,,,,,,
0,0.6248178482055664,0.14280980825424194,0.018803123384714127,1.5608258247375488,1.203125,28999,,,,,,
0,0.7281594276428223,0.15854185819625854,0.03223426640033722,1.497946858406067,1.234375,29049,,,,,,
0,0.776085376739502,0.1694943606853485,0.022630149498581886,1.502826452255249,1.46875,29099,,,,,,
0,0.7307750582695007,0.15946833789348602,0.022496845573186874,1.5877737998962402,1.34375,29149,,,,,,
0,0.5365704894065857,0.13970889151096344,0.019025176763534546,1.5703251361846924,1.1640625,29199,,,,,,
0,0.6081091165542603,0.1407431662082672,0.020221740007400513,1.5052677392959595,1.171875,29249,,,,,,
0,0.7766247391700745,0.1540633887052536,0.020643455907702446,1.5255866050720215,1.3125,29299,,,,,,
0,0.6809488534927368,0.1518089324235916,0.019594093784689903,1.502734661102295,1.3046875,29349,,,,,,
0,0.6298222541809082,0.14558617770671844,0.01816379651427269,1.5117689371109009,1.25,29399,,,,,,
0,0.7163169384002686,0.1590212881565094,0.0204964280128479,1.5477982759475708,1.3671875,29449,,,,,,
0,0.6848852038383484,0.14287804067134857,0.023886704817414284,1.4987430572509766,1.15625,29499,,,,,,
0,0.7326412796974182,0.15948502719402313,0.02933802269399166,1.5400922298431396,1.2734375,29549,,,,,,
0,0.7365409731864929,0.15884149074554443,0.026254048570990562,1.5399951934814453,1.3046875,29599,,,,,,
0,0.64773029088974,0.1525680422782898,0.023689011111855507,1.5597779750823975,1.2578125,29649,,,,,,
0,0.6940048933029175,0.1571577489376068,0.022814393043518066,1.5691008567810059,1.3203125,29699,,,,,,
0,0.5825206637382507,0.15161439776420593,0.01635505072772503,1.5142161846160889,1.3359375,29749,,,,,,
0,0.6087026000022888,0.14242379367351532,0.020011765882372856,1.4990153312683105,1.1953125,29799,,,,,,
0,0.6273751854896545,0.1483299285173416,0.01959366537630558,1.5455012321472168,1.2578125,29849,,,,,,
0,0.725338339805603,0.1681857854127884,0.023863250389695168,1.541628360748291,1.4296875,29899,,,,,,
0,0.8517115712165833,0.16022807359695435,0.02871914766728878,1.480970859527588,1.296875,29949,,,,,,
0,0.7390084862709045,0.16171737015247345,0.01975611224770546,1.5008130073547363,1.4140625,29999,,,,,,
0,0.8448783159255981,0.15496991574764252,0.02982410416007042,1.5282528400421143,1.21875,30049,,,,,,
0,0.7763823866844177,0.15757352113723755,0.03034134767949581,1.5415780544281006,1.2421875,30099,,,,,,
0,0.7248702049255371,0.15507081151008606,0.018360255286097527,1.5128529071807861,1.3515625,30149,,,,,,
0,0.8235299587249756,0.15335913002490997,0.02286859229207039,1.5256166458129883,1.28125,30199,,,,,,
0,0.7637801170349121,0.16802527010440826,0.024463871493935585,1.563170075416565,1.421875,30249,,,,,,
0,0.8572361469268799,0.17014101147651672,0.029093222692608833,1.5071229934692383,1.3984375,30299,,,,,,
0,0.6465433835983276,0.14383786916732788,0.017491605132818222,1.5018131732940674,1.234375,30349,,,,,,
0,0.7584878206253052,0.15907509624958038,0.024365151301026344,1.508103609085083,1.328125,30399,,,,,,
0,0.8148205280303955,0.16659016907215118,0.03355466201901436,1.487144947052002,1.3125,30449,,,,,,
0,0.6429158449172974,0.15092799067497253,0.021374758332967758,1.5783705711364746,1.265625,30499,,,,,,
0,0.7275086641311646,0.16655777394771576,0.0256450604647398,1.4936151504516602,1.3984375,30549,,,,,,
0,0.7263053059577942,0.14537611603736877,0.018865540623664856,1.5182456970214844,1.234375,30599,,,,,,
0,0.8664259314537048,0.1572253406047821,0.025216463953256607,1.5309654474258423,1.296875,30649,,,,,,
0,0.8209212422370911,0.1766377091407776,0.03426564484834671,1.5418951511383057,1.40625,30699,,,,,,
0,0.7364421486854553,0.15992024540901184,0.02165892720222473,1.5214444398880005,1.3671875,30749,,,,,,
0,0.7493644952774048,0.16118738055229187,0.02201605588197708,1.56361722946167,1.375,30799,,,,,,
0,0.7594230771064758,0.15130630135536194,0.02387751080095768,1.5124094486236572,1.25,30849,,,,,,
0,0.7350165247917175,0.15621492266654968,0.021998822689056396,1.5563760995864868,1.3203125,30899,,,,,,
0,0.6830968260765076,0.14965449273586273,0.020807720720767975,1.5077242851257324,1.265625,30949,,,,,,
0,0.7118715047836304,0.15507620573043823,0.02414179965853691,1.570002794265747,1.28125,30999,,,,,,
0,0.6921595335006714,0.14566247165203094,0.018011007457971573,1.5346776247024536,1.25,31049,,,,,,
0,0.7381881475448608,0.16094164550304413,0.022309664636850357,1.5096824169158936,1.375,31099,,,,,,
0,0.6630833148956299,0.16063781082630157,0.020135564729571342,1.5502241849899292,1.390625,31149,,,,,,
0,0.7042659521102905,0.1582479178905487,0.020356247201561928,1.5333068370819092,1.359375,31199,,,,,,
0,0.6804916262626648,0.15856483578681946,0.02176799438893795,1.521481990814209,1.3515625,31249,,,,,,
0,0.6539534330368042,0.1473928987979889,0.02230701595544815,1.5222604274749756,1.21875,31299,,,,,,
0,0.8981633186340332,0.16701294481754303,0.029256602749228477,1.519775152206421,1.359375,31349,,,,,,
0,0.6303322315216064,0.1540239304304123,0.020782431587576866,1.5077446699142456,1.3125,31399,,,,,,
0,0.5941644310951233,0.15752792358398438,0.020988700911402702,1.5445468425750732,1.34375,31449,,,,,,
0,0.7801069021224976,0.15102197229862213,0.029617104679346085,1.5447840690612793,1.1796875,31499,,,,,,
0,0.7288870811462402,0.14563429355621338,0.02134721539914608,1.5400362014770508,1.2109375,31549,,,,,,
0,0.7794194221496582,0.16387295722961426,0.028572499752044678,1.518327236175537,1.3359375,31599,,,,,,
0,0.7166739106178284,0.15325874090194702,0.02640267089009285,1.5527946949005127,1.234375,31649,,,,,,
0,0.7011890411376953,0.15745605528354645,0.0308518148958683,1.527611494064331,1.234375,31699,,,,,,
0,0.6701809167861938,0.1553608775138855,0.019705841317772865,1.5537850856781006,1.3359375,31749,,,,,,
0,0.6608456969261169,0.1482371687889099,0.020393555983901024,1.6027204990386963,1.2421875,31799,,,,,,
0,0.7128192186355591,0.1533343642950058,0.023888621479272842,1.5676212310791016,1.265625,31849,,,,,,
0,0.6538613438606262,0.15580998361110687,0.024136075749993324,1.5462967157363892,1.2890625,31899,,,,,,
0,0.5774317383766174,0.14766165614128113,0.016930434852838516,1.5496844053268433,1.28125,31949,,,,,,
0,0.7986550331115723,0.15870483219623566,0.02952396310865879,1.5899617671966553,1.2578125,31999,,,,,,
0,0.6432008743286133,0.14460551738739014,0.017315177246928215,1.5473929643630981,1.2421875,32049,,,,,,
0,0.7031936049461365,0.15269987285137177,0.014337875880300999,1.5315114259719849,1.3671875,32099,,,,,,
0,0.7764135003089905,0.14251399040222168,0.020283030346035957,1.5297367572784424,1.1875,32149,,,,,,
0,0.7289177179336548,0.1576443314552307,0.0235750749707222,1.5416918992996216,1.3203125,32199,,,,,,
0,0.666679859161377,0.1574852615594864,0.017288709059357643,1.5196547508239746,1.390625,32249,,,,,,
0,0.6971363425254822,0.15185871720314026,0.027499211952090263,1.5472781658172607,1.2109375,32299,,,,,,
0,0.8199578523635864,0.15476645529270172,0.02275599166750908,1.5311247110366821,1.296875,32349,,,,,,
0,0.6480792164802551,0.15063123404979706,0.024320224300026894,1.595943808555603,1.2265625,32399,,,,,,
0,0.720914363861084,0.15064376592636108,0.02149512805044651,1.5379102230072021,1.265625,32449,,,,,,
0,0.7784827351570129,0.16162754595279694,0.029383918270468712,1.505613088607788,1.3046875,32499,,,,,,
0,0.6136037111282349,0.14949801564216614,0.020934538915753365,1.5282235145568848,1.2578125,32549,,,,,,
0,0.8089158535003662,0.15021270513534546,0.027788618579506874,1.5002199411392212,1.1953125,32599,,,,,,
0,0.7253856062889099,0.15532800555229187,0.024372611194849014,1.6209304332733154,1.2734375,32649,,,,,,
0,0.7870329022407532,0.15378135442733765,0.027414901182055473,1.6014890670776367,1.2265625,32699,,,,,,
0,0.7353610992431641,0.15901565551757812,0.023007988929748535,1.4913923740386963,1.34375,32749,,,,,,
0,0.7020243406295776,0.15525105595588684,0.022844906896352768,1.5706934928894043,1.296875,32799,,,,,,
0,0.7326170802116394,0.14775992929935455,0.018575923517346382,1.5414471626281738,1.265625,32849,,,,,,
0,0.828606367111206,0.17301291227340698,0.02889898046851158,1.5207676887512207,1.4375,32899,,,,,,
0,0.7253627181053162,0.15081872045993805,0.02324831485748291,1.5753995180130005,1.2421875,32949,,,,,,
0,0.7385385632514954,0.1576320230960846,0.02935267798602581,1.5974653959274292,1.25,32999,,,,,,
0,0.7519146800041199,0.15205581486225128,0.021481649950146675,1.5828074216842651,1.2734375,33049,,,,,,
0,0.7072141766548157,0.1547500193119049,0.024537798017263412,1.5466125011444092,1.2734375,33099,,,,,,
0,0.7570767998695374,0.14785531163215637,0.025126878172159195,1.530656337738037,1.1953125,33149,,,,,,
0,0.7526407241821289,0.15036042034626007,0.023085782304406166,1.5946502685546875,1.234375,33199,,,,,,
0,0.581600546836853,0.13865795731544495,0.018096189945936203,1.509300708770752,1.171875,33249,,,,,,
0,0.7287726402282715,0.15110525488853455,0.022190609946846962,1.5145105123519897,1.265625,33299,,,,,,
0,0.6758958697319031,0.14579972624778748,0.020032545551657677,1.5415620803833008,1.2265625,33349,,,,,,
0,0.7014375329017639,0.15084977447986603,0.021989673376083374,1.5578856468200684,1.2578125,33399,,,,,,
0,0.9705514907836914,0.17387060821056366,0.02441173791885376,1.4693245887756348,1.5,33449,,,,,,
0,0.8634117245674133,0.1594301164150238,0.023085379973053932,1.4762699604034424,1.3515625,33499,,,,,,
0,0.7882347106933594,0.15747666358947754,0.020100101828575134,1.481797456741333,1.359375,33549,,,,,,
0,0.6385173797607422,0.14603334665298462,0.02050376683473587,1.5178027153015137,1.2265625,33599,,,,,,
0,0.7852487564086914,0.1605280190706253,0.02755674533545971,1.4807214736938477,1.3125,33649,,,,,,
0,0.7480773329734802,0.15692844986915588,0.020767761394381523,1.5066931247711182,1.34375,33699,,,,,,
0,0.785897433757782,0.14903348684310913,0.02456498146057129,1.558178424835205,1.2109375,33749,,,,,,
0,0.6927633285522461,0.14243613183498383,0.01722664013504982,1.4857929944992065,1.2265625,33799,,,,,,
0,0.8758996725082397,0.1682785451412201,0.016177842393517494,1.5381946563720703,1.5234375,33849,,,,,,
0,0.934429407119751,0.1718246340751648,0.04188494756817818,1.5193591117858887,1.2734375,33899,,,,,,
0,0.7785698771476746,0.1655128300189972,0.022139688953757286,1.5443458557128906,1.421875,33949,,,,,,
0,0.8194859027862549,0.1468770056962967,0.022644558921456337,1.5345722436904907,1.2109375,33999,,,,,,
0,0.7255252599716187,0.1663719117641449,0.027830136939883232,1.549490213394165,1.3671875,34049,,,,,,
0,0.591288685798645,0.13940376043319702,0.014850113540887833,1.5666935443878174,1.2109375,34099,,,,,,
0,0.8914210200309753,0.1588648110628128,0.03637142479419708,1.5071513652801514,1.1953125,34149,,,,,,
0,0.616777777671814,0.14465132355690002,0.02058204635977745,1.5670833587646484,1.203125,34199,,,,,,
0,0.702506959438324,0.1555677354335785,0.023327989503741264,1.554052472114563,1.296875,34249,,,,,,
0,0.8377224206924438,0.17416183650493622,0.0320328064262867,1.5175904035568237,1.4140625,34299,,,,,,
0,0.7319698929786682,0.14887107908725739,0.021397393196821213,1.5169001817703247,1.25,34349,,,,,,
0,0.700724720954895,0.15107238292694092,0.01864999532699585,1.5234893560409546,1.3046875,34399,,,,,,
0,0.9790583848953247,0.17915262281894684,0.033639390021562576,1.4653857946395874,1.453125,34449,,,,,,
0,0.6034256815910339,0.1432775855064392,0.015495166182518005,1.5477735996246338,1.25,34499,,,,,,
0,0.802667498588562,0.1681603044271469,0.025703225284814835,1.5503956079483032,1.4140625,34549,,,,,,
0,0.6809559464454651,0.15218451619148254,0.022308992221951485,1.5129427909851074,1.2734375,34599,,,,,,
0,0.7041383385658264,0.15503843128681183,0.019627997651696205,1.5781521797180176,1.328125,34649,,,,,,
0,0.7045949697494507,0.14912644028663635,0.020092545077204704,1.5752638578414917,1.2578125,34699,,,,,,
0,0.7789865732192993,0.16591954231262207,0.02479269728064537,1.515028476715088,1.3984375,34749,,,,,,
0,0.8912727236747742,0.1824275255203247,0.031972575932741165,1.5689326524734497,1.4921875,34799,,,,,,
0,0.7718862891197205,0.14762446284294128,0.01899988390505314,1.5343326330184937,1.2578125,34849,,,,,,
0,0.6779438853263855,0.13995268940925598,0.0158579982817173,1.5696254968643188,1.203125,34899,,,,,,
0,0.8787127137184143,0.1680128276348114,0.03134467080235481,1.5574405193328857,1.34375,34949,,,,,,
0,0.8399587273597717,0.1568189561367035,0.023033857345581055,1.5621039867401123,1.3125,34999,,,,,,
0,0.63431715965271,0.13960164785385132,0.01749955303966999,1.5168510675430298,1.1875,35049,,,,,,
0,0.6150153875350952,0.1439419686794281,0.021139100193977356,1.538100004196167,1.1953125,35099,,,,,,
0,0.9147982597351074,0.17269103229045868,0.035814929753541946,1.5294078588485718,1.3515625,35149,,,,,,
0,0.7113000154495239,0.1544901728630066,0.028228888288140297,1.5909724235534668,1.2265625,35199,,,,,,
0,0.7686107754707336,0.15109507739543915,0.023186419159173965,1.5603969097137451,1.25,35249,,,,,,
0,0.8070184588432312,0.17143775522708893,0.025130288675427437,1.5448099374771118,1.453125,35299,,,,,,
0,1.0884108543395996,0.16530252993106842,0.029185349121689796,1.599999189376831,1.3359375,35349,,,,,,
0,0.7558614015579224,0.15474991500377655,0.027271529659628868,1.5661979913711548,1.2421875,35399,,,,,,
0,0.7009356617927551,0.14607881009578705,0.019248932600021362,1.5013467073440552,1.2421875,35449,,,,,,
0,0.6973076462745667,0.1430671513080597,0.02020975388586521,1.5435516834259033,1.1953125,35499,,,,,,
0,0.7954782843589783,0.150191068649292,0.02741287089884281,1.5356310606002808,1.1953125,35549,,,,,,
0,0.6418426632881165,0.1412353664636612,0.019794518128037453,1.5972093343734741,1.171875,35599,,,,,,
0,0.7879840135574341,0.16325141489505768,0.02547782100737095,1.5214991569519043,1.359375,35649,,,,,,
0,0.7357643842697144,0.15023194253444672,0.02315923385322094,1.5256307125091553,1.2421875,35699,,,,,,
0,0.6732006669044495,0.1437479704618454,0.023035546764731407,1.524367332458496,1.171875,35749,,,,,,
0,0.6754679679870605,0.15061116218566895,0.0250201765447855,1.5239412784576416,1.2265625,35799,,,,,,
0,0.7610894441604614,0.15117500722408295,0.027382584288716316,1.4905705451965332,1.2109375,35849,,,,,,
0,0.7408714294433594,0.1468280404806137,0.021458633244037628,1.5506136417388916,1.21875,35899,,,,,,
0,0.7583382725715637,0.1577615737915039,0.0242770928889513,1.532042384147644,1.3125,35949,,,,,,
0,0.6476395130157471,0.14616456627845764,0.02374872751533985,1.4993964433670044,1.1953125,35999,,,,,,
0,0.6926288604736328,0.15460586547851562,0.021740863099694252,1.5677496194839478,1.3046875,36049,,,,,,
0,0.8106679916381836,0.15579617023468018,0.029144683852791786,1.5323359966278076,1.234375,36099,,,,,,
0,0.7457219958305359,0.14994652569293976,0.021324822679162025,1.5340453386306763,1.2578125,36149,,,,,,
0,0.7161027789115906,0.15476375818252563,0.022209614515304565,1.5366647243499756,1.3046875,36199,,,,,,
0,0.7137195467948914,0.16168712079524994,0.021515287458896637,1.566011667251587,1.3828125,36249,,,,,,
0,0.7399469614028931,0.1559806764125824,0.026980675756931305,1.5230482816696167,1.265625,36299,,,,,,
0,0.6450559496879578,0.13632254302501678,0.01985103450715542,1.5397289991378784,1.125,36349,,,,,,
0,0.7076063752174377,0.1640847772359848,0.018468094989657402,1.4757310152053833,1.453125,36399,,,,,,
0,0.7875401377677917,0.16296976804733276,0.026742611080408096,1.5133415460586548,1.34375,36449,,,,,,
0,0.8360953330993652,0.15442350506782532,0.022793926298618317,1.5418643951416016,1.2890625,36499,,,,,,
0,0.8844723701477051,0.16233855485916138,0.03712507337331772,1.5350193977355957,1.21875,36549,,,,,,
0,0.7259860634803772,0.1607404202222824,0.01702219992876053,1.481197714805603,1.4375,36599,,,,,,
0,0.6651145815849304,0.15218204259872437,0.021252986043691635,1.5694676637649536,1.28125,36649,,,,,,
0,0.9080526232719421,0.15457545220851898,0.02312273532152176,1.5241789817810059,1.2890625,36699,,,,,,
0,0.7650444507598877,0.14640791714191437,0.01738872565329075,1.5249652862548828,1.265625,36749,,,,,,
0,0.7671018242835999,0.1528482884168625,0.025431901216506958,1.511169672012329,1.25,36799,,,,,,
0,0.6978687047958374,0.1514030545949936,0.020560728386044502,1.5607953071594238,1.28125,36849,,,,,,
0,0.8938385844230652,0.16801883280277252,0.028219325467944145,1.5287785530090332,1.3828125,36899,,,,,,
0,0.7832344174385071,0.16521207988262177,0.018148476257920265,1.522765874862671,1.4609375,36949,,,,,,
0,0.7904085516929626,0.17031286656856537,0.02846219204366207,1.4897561073303223,1.4140625,36999,,,,,,
0,0.6723313927650452,0.14468754827976227,0.018868792802095413,1.5467197895050049,1.2265625,37049,,,,,,
0,0.8973897695541382,0.1712527722120285,0.028927499428391457,1.5372145175933838,1.40625,37099,,,,,,
0,0.784480631351471,0.15371425449848175,0.02168400213122368,1.5331032276153564,1.296875,37149,,,,,,
0,0.6701300740242004,0.14649377763271332,0.02096887305378914,1.5661633014678955,1.21875,37199,,,,,,
0,0.6562153697013855,0.13905060291290283,0.024351775646209717,1.5089454650878906,1.109375,37249,,,,,,
0,1.0257447957992554,0.17198577523231506,0.03738117963075638,1.4975693225860596,1.328125,37299,,,,,,
0,0.7039426565170288,0.16897296905517578,0.029045436531305313,1.5415810346603394,1.3828125,37349,,,,,,
0,0.7309896945953369,0.1508708894252777,0.022473568096756935,1.5116071701049805,1.2578125,37399,,,,,,
0,0.7747889757156372,0.15852366387844086,0.027883430942893028,1.5405868291854858,1.28125,37449,,,,,,
0,0.7557716369628906,0.15239447355270386,0.020606407895684242,1.5088841915130615,1.296875,37499,,,,,,
0,0.6992013454437256,0.14618456363677979,0.019987354055047035,1.5845649242401123,1.2265625,37549,,,,,,
0,0.6284388899803162,0.14572207629680634,0.016665641218423843,1.5286911725997925,1.265625,37599,,,,,,
0,0.5570547580718994,0.13808293640613556,0.015492686070501804,1.5656654834747314,1.1875,37649,,,,,,
0,0.7921230792999268,0.15552835166454315,0.02192225493490696,1.544203519821167,1.3125,37699,,,,,,
0,0.7688219547271729,0.16478665173053741,0.026762766763567924,1.5465295314788818,1.359375,37749,,,,,,
0,0.9014590382575989,0.1619483232498169,0.028560586273670197,1.5223681926727295,1.3125,37799,,,,,,
0,0.7869955897331238,0.15754148364067078,0.02510564588010311,1.5248339176177979,1.3046875,37849,,,,,,
0,0.7501564025878906,0.15228542685508728,0.023339981213212013,1.5175907611846924,1.265625,37899,,,,,,
0,0.7304350137710571,0.1558668613433838,0.03325005620718002,1.5194917917251587,1.1953125,37949,,,,,,
0,0.9792715907096863,0.17626173794269562,0.029924223199486732,1.5478129386901855,1.453125,37999,,,,,,
0,0.5985726118087769,0.1515677273273468,0.019922081381082535,1.543471336364746,1.2890625,38049,,,,,,
0,0.7275025248527527,0.1600777804851532,0.017764965072274208,1.5359690189361572,1.40625,38099,,,,,,
0,0.7974053621292114,0.14730459451675415,0.020195603370666504,1.5292586088180542,1.2421875,38149,,,,,,
0,0.8145060539245605,0.16323332488536835,0.027718743309378624,1.5397400856018066,1.3359375,38199,,,,,,
0,0.6763166785240173,0.15581035614013672,0.023524688556790352,1.558645486831665,1.296875,38249,,,,,,
0,0.7859904766082764,0.16035310924053192,0.03116893395781517,1.5414642095565796,1.265625,38299,,,,,,
0,0.8537284731864929,0.16085752844810486,0.03208981826901436,1.5486470460891724,1.2578125,38349,,,,,,
0,0.722801685333252,0.1494346559047699,0.023648573085665703,1.592280387878418,1.21875,38399,,,,,,
0,0.9380881190299988,0.16701640188694,0.03460373356938362,1.571345567703247,1.296875,38449,,,,,,
0,0.9295020699501038,0.15185442566871643,0.025795215740799904,1.5707643032073975,1.2265625,38499,,,,,,
0,0.7695451974868774,0.15783420205116272,0.02509828843176365,1.554840087890625,1.3046875,38549,,,,,,
0,0.6960179209709167,0.14749570190906525,0.01700711064040661,1.525421380996704,1.28125,38599,,,,,,
0,0.7206416726112366,0.149060919880867,0.023733625188469887,1.5464009046554565,1.21875,38649,,,,,,
0,0.9068973660469055,0.1692040115594864,0.030765391886234283,1.5391746759414673,1.3671875,38699,,,,,,
0,0.7090608477592468,0.1531360000371933,0.02242603339254856,1.5475587844848633,1.28125,38749,,,,,,
0,0.7710543870925903,0.1670003980398178,0.03029847890138626,1.560817837715149,1.34375,38799,,,,,,
0,0.5858672261238098,0.14053165912628174,0.016570081934332848,1.5563136339187622,1.203125,38849,,,,,,
0,0.7627162337303162,0.14607557654380798,0.023164106532931328,1.548959493637085,1.1953125,38899,,,,,,
0,0.6877737045288086,0.15088945627212524,0.018918747082352638,1.527148723602295,1.296875,38949,,,,,,
0,0.6392181515693665,0.14972665905952454,0.018344702199101448,1.4682741165161133,1.296875,38999,,,,,,
0,0.7825524210929871,0.17488200962543488,0.023349879309535027,1.5789939165115356,1.5078125,39049,,,,,,
0,0.6562895178794861,0.14086022973060608,0.020496245473623276,1.538351058959961,1.1640625,39099,,,,,,
0,0.7897624373435974,0.15513356029987335,0.029701143503189087,1.5569132566452026,1.21875,39149,,,,,,
0,0.7282764315605164,0.1581185907125473,0.023014560341835022,1.4986839294433594,1.3359375,39199,,,,,,
0,0.8253431916236877,0.16061966121196747,0.02085038460791111,1.525754690170288,1.3828125,39249,,,,,,
0,0.7250828146934509,0.15064001083374023,0.023445328697562218,1.537827968597412,1.2421875,39299,,,,,,
0,0.8105775117874146,0.16587655246257782,0.02974862791597843,1.5034165382385254,1.34375,39349,,,,,,
0,0.6888960599899292,0.14847031235694885,0.021813733503222466,1.5328450202941895,1.234375,39399,,,,,,
0,0.6982749104499817,0.1435549557209015,0.025531509891152382,1.5972652435302734,1.1328125,39449,,,,,,
0,0.8948068618774414,0.1677739918231964,0.02918722853064537,1.5051608085632324,1.375,39499,,,,,,
0,0.742293655872345,0.15321241319179535,0.020046966150403023,1.5001389980316162,1.3125,39549,,,,,,
0,0.8087810277938843,0.1533428132534027,0.021384347230196,1.5259255170822144,1.296875,39599,,,,,,
0,0.6417201161384583,0.14684166014194489,0.017771057784557343,1.530107021331787,1.265625,39649,,,,,,
0,0.6927445530891418,0.15191365778446198,0.022807210683822632,1.5336912870407104,1.265625,39699,,,,,,
0,0.8288537263870239,0.1608208566904068,0.029683133587241173,1.5903359651565552,1.28125,39749,,,,,,
0,0.6179065704345703,0.14608155190944672,0.017125440761446953,1.5186572074890137,1.265625,39799,,,,,,
0,0.8671008348464966,0.16153058409690857,0.034932125359773636,1.5270333290100098,1.234375,39849,,,,,,
0,0.856999933719635,0.17008227109909058,0.0247940793633461,1.5405387878417969,1.4453125,39899,,,,,,
0,0.9482124447822571,0.1648116260766983,0.039647314697504044,1.530103325843811,1.21875,39949,,,,,,
0,0.5878787636756897,0.14737042784690857,0.018433809280395508,1.5167083740234375,1.265625,39999,,,,,,
,,,,,,0,,0.23125191032886505,,0.017384720966219902,,2.375
,,,,,,1,,0.18716034293174744,,0.018215036019682884,,1.875
,,,,,,2,,0.1927262842655182,,0.016945041716098785,,1.953125
,,,,,,3,,0.14667102694511414,,0.019717896357178688,,1.40625
,,,,,,4,,0.20275941491127014,,0.024048471823334694,,1.984375
,,,,,,5,,0.17960353195667267,,0.025306658819317818,,1.7109375
,,,,,,6,,0.18398399651050568,,0.016991810873150826,,1.8515625
,,,,,,7,,0.1590699702501297,,0.02332778461277485,,1.5078125
,,,,,,8,,0.19719071686267853,,0.018479784950613976,,1.984375
,,,,,,9,,0.1534389853477478,,0.016720231622457504,,1.515625
,,,,,,10,,0.22599580883979797,,0.027753621339797974,,2.203125
,,,,,,11,,0.21380342543125153,,0.019467489793896675,,2.15625
,,,,,,12,,0.1808478832244873,,0.018738504499197006,,1.796875
,,,,,,13,,0.18124279379844666,,0.021086549386382103,,1.78125
,,,,,,14,,0.2070114016532898,,0.022441083565354347,,2.046875
,,,,,,15,,0.1814415156841278,,0.01640244759619236,,1.8359375
,,,,,,16,,0.17775148153305054,,0.018571797758340836,,1.765625
,,,,,,17,,0.17840224504470825,,0.018245989456772804,,1.78125
,,,,,,18,,0.20307433605194092,,0.01362121757119894,,2.109375
,,,,,,19,,0.17607517540454865,,0.021778294816613197,,1.7109375
0,,,,,,39999,0.18797513842582703,,0.019762221723794937,,1.867578148841858,
