step,n_seeds,validate/loss_step_mean,validate/loss_step_std,validate/pred_loss_step_mean,validate/pred_loss_step_std,epoch_mean,epoch_std,fit/grad_norm_pre_clip_mean,fit/grad_norm_pre_clip_std,fit/loss_mean,fit/loss_std,fit/pred_loss_mean,fit/pred_loss_std,fit/rand_diff_loss_mean,fit/rand_diff_loss_std,validate/loss_epoch_mean,validate/loss_epoch_std,validate/pred_loss_epoch_mean,validate/pred_loss_epoch_std
0,2,0.0781114287674427,0.01542310710859922,0.0781114287674427,0.01542310710859922,,,,,,,,,,,,,,
1,2,0.0961684137582779,0.0017601788343604675,0.0961684137582779,0.0017601788343604675,,,,,,,,,,,,,,
2,2,0.08298061415553093,0.0037872473185601076,0.08298061415553093,0.0037872473185601076,,,,,,,,,,,,,,
3,2,0.0953175239264965,0.01249892714877701,0.0953175239264965,0.01249892714877701,,,,,,,,,,,,,,
4,2,0.06863705813884735,0.007692632253496251,0.06863705813884735,0.007692632253496251,,,,,,,,,,,,,,
5,2,0.08824022114276886,0.0057507899653417025,0.08824022114276886,0.0057507899653417025,,,,,,,,,,,,,,
6,2,0.08528534695506096,0.00019340661946042886,0.08528534695506096,0.00019340661946042886,,,,,,,,,,,,,,
7,2,0.07104426622390747,0.0032916372585644407,0.07104426622390747,0.0032916372585644407,,,,,,,,,,,,,,
8,2,0.08276588469743729,0.004988121668112819,0.08276588469743729,0.004988121668112819,,,,,,,,,,,,,,
9,2,0.0909871757030487,0.014897499029175925,0.0909871757030487,0.014897499029175925,,,,,,,,,,,,,,
10,2,0.0854073166847229,0.004486057871938922,0.0854073166847229,0.004486057871938922,,,,,,,,,,,,,,
11,2,0.07575491443276405,0.010103121155311623,0.07575491443276405,0.010103121155311623,,,,,,,,,,,,,,
12,2,0.06982642412185669,0.0033324986281957525,0.06982642412185669,0.0033324986281957525,,,,,,,,,,,,,,
13,2,0.07910996675491333,0.016625593575107473,0.07910996675491333,0.016625593575107473,,,,,,,,,,,,,,
14,2,0.06617077998816967,0.006325633466359818,0.06617077998816967,0.006325633466359818,,,,,,,,,,,,,,
15,2,0.07204984873533249,0.005576923678522137,0.07204984873533249,0.005576923678522137,,,,,,,,,,,,,,
16,2,0.07802407443523407,0.0049300854577133185,0.07802407443523407,0.0049300854577133185,,,,,,,,,,,,,,
17,2,0.0690649263560772,0.0041595304314568345,0.0690649263560772,0.0041595304314568345,,,,,,,,,,,,,,
18,2,0.07066274806857109,0.00830431473429092,0.07066274806857109,0.00830431473429092,,,,,,,,,,,,,,
19,2,0.08917267248034477,0.025910960502186473,0.08917267248034477,0.025910960502186473,,,,,,,,,,,,,,
49,2,,,,,0.0,0.0,0.12777820602059364,0.01752509688438304,0.25418415665626526,0.027976319398258263,0.23359593003988266,0.02718194613423706,2.0588232278823853,0.07943787431115094,,,,
99,2,,,,,0.0,0.0,0.11009874939918518,0.004218994366349642,0.21643628925085068,0.006595065097999804,0.15141207724809647,0.008250487940386445,6.502421617507935,0.1655416941827849,,,,
149,2,,,,,0.0,0.0,0.10440438240766525,0.00313260666242071,0.17572245746850967,0.001119515126858495,0.10876648128032684,0.0012263047042729727,6.695597171783447,0.010678325538720113,,,,
199,2,,,,,0.0,0.0,0.11451585963368416,0.01561422199317187,0.19919121265411377,0.02346791315989644,0.130642369389534,0.02455504897038644,6.854884147644043,0.10871324387421198,,,,
249,2,,,,,0.0,0.0,0.10782026872038841,0.004984091375723965,0.16841599345207214,0.0077502364586985156,0.10008340328931808,0.005929028987694273,6.833259344100952,0.18212057851303015,,,,
299,2,,,,,0.0,0.0,0.10866574943065643,0.0030074199856312267,0.1856415718793869,0.007183108465135925,0.1188976839184761,0.008200175139976564,6.67438817024231,0.10170641460297286,,,,
349,2,,,,,0.0,0.0,0.11185820773243904,0.00872374963395921,0.17646777629852295,0.017508264486759,0.10719866678118706,0.019072939895945624,6.926910877227783,0.1564686578101477,,,,
399,2,,,,,0.0,0.0,0.10746905207633972,0.0031182556605027505,0.1493905633687973,0.015788314819302183,0.08279095217585564,0.015844723107677948,6.659961700439453,0.005640259855121883,,,,
449,2,,,,,0.0,0.0,0.1093340776860714,0.0011023350177342419,0.19466941058635712,0.023078918821565143,0.1265747807919979,0.020235655542527785,6.809463262557983,0.2843250002780077,,,,
499,2,,,,,0.0,0.0,0.10795627161860466,0.009232261897955275,0.1569235473871231,0.007195836813386215,0.09192796796560287,0.004517183319564217,6.4995574951171875,0.26786513864795725,,,,
549,2,,,,,0.0,0.0,0.10599694773554802,0.000361193223382298,0.16860881447792053,0.031509321121532465,0.1051054373383522,0.030951159869990568,6.350337028503418,0.05581591441994718,,,,
599,2,,,,,0.0,0.0,0.10421838611364365,0.005343050816135186,0.15594681352376938,0.0017366714296035164,0.0907956138253212,0.0031423004375782156,6.515120029449463,0.14056344870650056,,,,
649,2,,,,,0.0,0.0,0.10079168528318405,0.0009476192052068137,0.15100324153900146,0.005852237429707425,0.08992189541459084,0.005602543694060697,6.108134984970093,0.024969478931794062,,,,
699,2,,,,,0.0,0.0,0.10409724712371826,0.011192580310825786,0.16264210641384125,0.02306332448761611,0.09896770119667053,0.024401508001261254,6.367440223693848,0.13381792989602898,,,,
749,2,,,,,0.0,0.0,0.11035047844052315,0.021742415913504374,0.19380152970552444,0.035035568812332794,0.1298253908753395,0.034438305822084916,6.397614240646362,0.05972613043739389,,,,
799,2,,,,,0.0,0.0,0.10514916107058525,0.00823655313859753,0.17488372325897217,0.011048206281251718,0.11063212528824806,0.013074821686829866,6.425159454345703,0.20266227812766374,,,,
849,2,,,,,0.0,0.0,0.10129080712795258,0.003620877902419417,0.15632560104131699,0.0032600481956055255,0.09384794160723686,0.0020110421450533727,6.247766494750977,0.12490033110069998,,,,
899,2,,,,,0.0,0.0,0.10340425744652748,0.00771973794544482,0.16188527643680573,0.0009732339523893096,0.10093939304351807,0.0025048188171388156,6.094588279724121,0.15315827574070803,,,,
949,2,,,,,0.0,0.0,0.09906553477048874,0.00230031177145183,0.16314875334501266,0.007529987565092711,0.10347426682710648,0.010266603512329315,5.967448711395264,0.27366117325517536,,,,
999,2,,,,,0.0,0.0,0.09907123818993568,0.0065980838660243965,0.14819484949111938,0.009829488009710705,0.08751020953059196,0.008728438470856047,6.068463325500488,0.11010510139943575,,,,
1049,2,,,,,0.0,0.0,0.09907440468668938,0.003108019244670667,0.1743154376745224,0.012055452740389319,0.11297518014907837,0.007824541352623221,6.134026527404785,0.4230909701892157,,,,
1099,2,,,,,0.0,0.0,0.09909586608409882,0.009782083341848078,0.15541766583919525,0.00483774171262595,0.09584425389766693,0.00271280297782795,5.957341194152832,0.2124942949482851,,,,
1149,2,,,,,0.0,0.0,0.09633706510066986,0.004343980845608698,0.15443027019500732,0.011482108086671373,0.09595154225826263,0.009414467992423932,5.847873210906982,0.20676434659953202,,,,
1199,2,,,,,0.0,0.0,0.09991088137030602,0.0005379254959006044,0.15553879737854004,0.007051504930660659,0.09727145358920097,0.008030781687455218,5.82673454284668,0.09792837110245632,,,,
1249,2,,,,,0.0,0.0,0.09846260398626328,0.0037650306610388026,0.15487871319055557,0.01563798754737595,0.09612288326025009,0.01360696252777235,5.8755834102630615,0.20310296557569366,,,,
1299,2,,,,,0.0,0.0,0.09717287495732307,0.007127248085790799,0.16198977828025818,0.008173791212808744,0.10275524109601974,0.008052703317036947,5.9234538078308105,0.012109295339361986,,,,
1349,2,,,,,0.0,0.0,0.09526263177394867,0.008920074922679018,0.1447090208530426,0.005355937215067392,0.08807884156703949,0.006524458590031929,5.663017749786377,0.11685129455948348,,,,
1399,2,,,,,0.0,0.0,0.09448093920946121,0.012152653909767568,0.15596535056829453,0.019801885446009727,0.09986312314867973,0.018227010499483467,5.610223293304443,0.1574869256701709,,,,
1449,2,,,,,0.0,0.0,0.09812955558300018,0.0060947187859027255,0.16376286000013351,0.03090880228723712,0.10783134028315544,0.029951578868925886,5.5931525230407715,0.095721899289214,,,,
1499,2,,,,,0.0,0.0,0.09517119452357292,0.006669733508492917,0.13247201591730118,0.006269227812162082,0.07485100626945496,0.004696086154780835,5.7621009349823,0.15731462935345836,,,,
1549,2,,,,,0.0,0.0,0.09020236134529114,0.006015103389065647,0.15277613699436188,0.027282582271768947,0.09905217960476875,0.028347691085555942,5.3723955154418945,0.1065108181584267,,,,
1599,2,,,,,0.0,0.0,0.09868580102920532,0.008905513186518504,0.17305350303649902,0.001123972156088522,0.11732709780335426,0.0022841537234039658,5.5726399421691895,0.11601847283290823,,,,
1649,2,,,,,0.0,0.0,0.09348089247941971,0.002344060200206138,0.16206888109445572,0.026528480321499903,0.10692382231354713,0.027724318122655564,5.5145063400268555,0.11958375904214177,,,,
1699,2,,,,,0.0,0.0,0.09424150735139847,0.006245952215071941,0.14622336626052856,0.03207010601439417,0.09256286546587944,0.029172262566535198,5.366050481796265,0.2897845344467149,,,,
1749,2,,,,,0.0,0.0,0.09497048333287239,0.003099948123180831,0.1463773101568222,0.009832775463894557,0.09288538619875908,0.012265085896526442,5.3491926193237305,0.2432311486303099,,,,
1799,2,,,,,0.0,0.0,0.09948619455099106,0.00134698166827179,0.15419550240039825,0.012184506390529676,0.09993494302034378,0.011959716173996823,5.426055431365967,0.02247944312177044,,,,
1849,2,,,,,0.0,0.0,0.09465000778436661,0.013553615154269685,0.16461697220802307,0.02051582144964789,0.11306604370474815,0.02004451958453088,5.155093669891357,0.047130291878822145,,,,
1899,2,,,,,0.0,0.0,0.09267960488796234,0.0014581334445071454,0.1463243067264557,0.018872326165389832,0.09635984525084496,0.016263378290648788,4.99644660949707,0.2608950614286196,,,,
1949,2,,,,,0.0,0.0,0.09443404525518417,0.002425350934271525,0.15876784175634384,0.015386497302311446,0.10769880190491676,0.018846326828214674,5.106903553009033,0.34598246790156484,,,,
1999,2,,,,,0.0,0.0,0.08968867361545563,0.0009358180876237633,0.1445438116788864,0.010477854053778045,0.0949193611741066,0.011628989853731838,4.9624457359313965,0.1151134957016823,,,,
2049,2,,,,,0.0,0.0,0.09379268065094948,0.002086211049372552,0.14341814815998077,0.007334247063895991,0.09540552645921707,0.0020310144828914723,4.801261901855469,0.5303233423941489,,,,
2099,2,,,,,0.0,0.0,0.09506896510720253,0.008662447042800114,0.15468931198120117,0.014118203800209495,0.10791796818375587,0.007648931239946518,4.677134275436401,0.6469268134843883,,,,
2149,2,,,,,0.0,0.0,0.09232422336935997,0.0002834322878796985,0.13711101561784744,5.8173187657161485e-05,0.08914141729474068,0.004315600211492675,4.796959638595581,0.42574284989752115,,,,
2199,2,,,,,0.0,0.0,0.09381238371133804,0.003210557258741608,0.14118432998657227,0.011555738631019904,0.09479383006691933,0.01577158778879942,4.639050006866455,0.42158582193519467,,,,
2249,2,,,,,0.0,0.0,0.09438890963792801,0.0005303337948125796,0.11945107951760292,0.01056899134532679,0.07258817926049232,0.0060295228796124365,4.686290264129639,0.45394718374622334,,,,
2299,2,,,,,0.0,0.0,0.09209122881293297,3.3870261134567216e-05,0.14606114476919174,0.0056336533366178,0.10075671970844269,0.0003238669206698375,4.530442237854004,0.5957514356728846,,,,
2349,2,,,,,0.0,0.0,0.09290989115834236,0.0013973840307347554,0.1421511545777321,0.005538443605831691,0.0976826660335064,0.011724563101086353,4.446848392486572,0.6186118863051936,,,,
2399,2,,,,,0.0,0.0,0.09537065774202347,0.002335093458185445,0.14387257397174835,0.013404109745889417,0.09999924153089523,0.02057047537545439,4.3873337507247925,0.7166368579844369,,,,
2449,2,,,,,0.0,0.0,0.08743387833237648,0.004177579819331625,0.1301167830824852,0.012316373342808136,0.08693280071020126,0.016643969601058226,4.318398475646973,0.43275979441240287,,,,
2499,2,,,,,0.0,0.0,0.09102818369865417,0.004838637333156806,0.14216266945004463,0.02740659410515619,0.09856242313981056,0.03271393600389052,4.360024452209473,0.5307346956356153,,,,
2549,2,,,,,0.0,0.0,0.09205861762166023,0.00323450193705186,0.14032312482595444,0.01951421213149862,0.09796597063541412,0.01478236437575629,4.2357155084609985,0.47318485986792985,,,,
2599,2,,,,,0.0,0.0,0.10003552958369255,0.011217420609666894,0.13668601214885712,0.01461087938587759,0.0928775817155838,0.009990552191295087,4.380842685699463,0.46203263516455323,,,,
2649,2,,,,,0.0,0.0,0.09233950823545456,0.004017743164710123,0.14370395243167877,0.003195131512186621,0.10209424793720245,0.0020950250090673926,4.160970330238342,0.5290162843281291,,,,
2699,2,,,,,0.0,0.0,0.08817453682422638,0.0016605963680413527,0.1255231462419033,0.0156331986117139,0.08396273478865623,0.010273900185477764,4.156041145324707,0.5359298847704621,,,,
2749,2,,,,,0.0,0.0,0.09264864772558212,0.0023026087746956738,0.15546688437461853,0.001803758675720732,0.1141531653702259,0.0066230980206156125,4.131372451782227,0.48193336550703314,,,,
2799,2,,,,,0.0,0.0,0.09195311367511749,0.0052154090854199435,0.12788929790258408,0.015542798890014095,0.08618166670203209,0.008949351177325898,4.170762777328491,0.659344286580062,,,,
2849,2,,,,,0.0,0.0,0.08848812058568001,0.009980083967796195,0.12231187149882317,0.023747942089758882,0.08125868439674377,0.016519099025632575,4.105318784713745,0.7228842010455097,,,,
2899,2,,,,,0.0,0.0,0.09354505687952042,0.00277352604982002,0.11604101210832596,0.005387062662692687,0.07555994391441345,0.01043636048141907,4.048106908798218,0.5049296975789412,,,,
2949,2,,,,,0.0,0.0,0.0963466726243496,0.0009787499211881727,0.12818942964076996,0.01188909912931682,0.08695148304104805,0.016475239961400923,4.123794078826904,0.4586143571629257,,,,
2999,2,,,,,0.0,0.0,0.09173528477549553,0.006127134980763667,0.13032129406929016,0.014711441766424584,0.09055139496922493,0.008514553751375387,3.976989507675171,0.6196884854035558,,,,
3049,2,,,,,0.0,0.0,0.08983832970261574,0.012468939666061508,0.1352846696972847,0.029979801452359994,0.0966787338256836,0.031783928913005195,3.860593557357788,0.1804131253861568,,,,
3099,2,,,,,0.0,0.0,0.0900794267654419,0.005039751557538665,0.129216268658638,0.013830909807334986,0.09069080650806427,0.01845616818319326,3.852546453475952,0.46252592187952474,,,,
3149,2,,,,,0.0,0.0,0.09230916574597359,0.0019535116968360023,0.1329992637038231,0.0006996271485687132,0.09420466423034668,0.003180306358222914,3.879459500312805,0.3879936035602538,,,,
3199,2,,,,,0.0,0.0,0.0928884707391262,0.012189242642631088,0.13257183879613876,0.02397478169680058,0.0930197536945343,0.01822767958070358,3.955208420753479,0.5747095372601237,,,,
3249,2,,,,,0.0,0.0,0.0924990177154541,0.005259768643477659,0.1282997727394104,0.002470648259708608,0.09001555666327477,0.0002632334107308525,3.8284215927124023,0.27338873602640096,,,,
3299,2,,,,,0.0,0.0,0.08558608591556549,0.003173099247127551,0.12525933235883713,0.0016618186266481685,0.0885067880153656,0.0006447624885196569,3.675255060195923,0.23065823795732807,,,,
3349,2,,,,,0.0,0.0,0.08884074166417122,0.0009708052402438692,0.11494855582714081,0.0031809701710869605,0.07921798154711723,0.006001758643155885,3.573058009147644,0.2820789104271652,,,,
3399,2,,,,,0.0,0.0,0.08864058181643486,0.004050475460934897,0.12321027368307114,0.02270512895883415,0.08644529432058334,0.017010373228587682,3.676498055458069,0.5694752358498588,,,,
3449,2,,,,,0.0,0.0,0.09436311200261116,0.00791556274033856,0.12893974781036377,0.008180724369388787,0.09148009493947029,0.004406426670033652,3.7459654808044434,0.3774300860368774,,,,
3499,2,,,,,0.0,0.0,0.09457839652895927,0.009728614796155945,0.11929308623075485,0.016558158617490045,0.08210020139813423,0.018655612338702877,3.7192881107330322,0.20974530890101054,,,,
3549,2,,,,,0.0,0.0,0.09938889369368553,0.02026294562693859,0.14037416875362396,0.061535178542602736,0.10318202525377274,0.05649303515141108,3.7192142009735107,0.5042142126786202,,,,
3599,2,,,,,0.0,0.0,0.09296951815485954,0.0014319444465136885,0.1093905046582222,0.0038858656757195355,0.07265391573309898,0.0005385998454767787,3.6736589670181274,0.3347267305382455,,,,
3649,2,,,,,0.0,0.0,0.08524112775921822,0.00038387876459328673,0.12453218549489975,0.0031042523700850057,0.09009866788983345,0.0009200604346367528,3.4433515071868896,0.21841879314976445,,,,
3699,2,,,,,0.0,0.0,0.09185191616415977,0.0019533431094419587,0.10919607803225517,0.0022521537286720695,0.07225379720330238,0.000655810231185575,3.694227933883667,0.15963472907028606,,,,
3749,2,,,,,0.0,0.0,0.09219558909535408,0.008778277119220178,0.12799867987632751,0.023335424541602444,0.0928850919008255,0.02570252853123191,3.5113584995269775,0.23671052540349247,,,,
3799,2,,,,,0.0,0.0,0.08789904788136482,6.401579453198417e-05,0.10674766451120377,0.0005728283548236885,0.07111313939094543,0.0028160100731190016,3.56345272064209,0.22431834041692536,,,,
3849,2,,,,,0.0,0.0,0.09033509343862534,0.00449666834105154,0.12036635354161263,0.002341926516000274,0.08419740572571754,0.0014410165556556585,3.6168947219848633,0.37829426501874475,,,,
3899,2,,,,,0.0,0.0,0.08793677762150764,0.005882219644066862,0.1055491678416729,0.006548150387251115,0.07024161517620087,0.003946609821135862,3.5307552814483643,0.26015395124440405,,,,
3949,2,,,,,0.0,0.0,0.089325200766325,0.0024844039373913512,0.12731105461716652,0.021997931182601668,0.09295591711997986,0.019560341857193794,3.4355140924453735,0.24375933293584842,,,,
3999,2,,,,,0.0,0.0,0.09298737347126007,0.0009967308204341329,0.11619675904512405,0.009440272400424728,0.08132940903306007,0.013778600299976903,3.4867351055145264,0.4338330217628843,,,,
4049,2,,,,,0.0,0.0,0.08709841966629028,0.006819107207971589,0.11016571894288063,0.005454998114136184,0.07616649568080902,0.0012297396724266106,3.3999226093292236,0.4225262024191697,,,,
4099,2,,,,,0.0,0.0,0.09561998024582863,0.0025942596980349964,0.1335761547088623,0.006612124034934589,0.09800518304109573,0.00435031340959746,3.557096481323242,0.22618089394631877,,,,
4149,2,,,,,0.0,0.0,0.0881769135594368,0.008968775606133355,0.11604649946093559,0.012143755656375706,0.08208762481808662,0.010152011499584258,3.3958874940872192,0.1991743735322962,,,,
4199,2,,,,,0.0,0.0,0.09116470441222191,0.00158615976521505,0.11892679333686829,0.0038323707882470834,0.08419356495141983,0.00200543134584536,3.4733229875564575,0.18269394424017235,,,,
4249,2,,,,,0.0,0.0,0.09030352160334587,0.0016166108632641707,0.11922727525234222,0.011375455486514554,0.0843682698905468,0.009664688563677047,3.485900640487671,0.17107641832923548,,,,
4299,2,,,,,0.0,0.0,0.08849276229739189,0.002559910016498618,0.11636386811733246,0.0013402592459343025,0.08419497683644295,0.004197862990177492,3.216889262199402,0.2857605219382888,,,,
4349,2,,,,,0.0,0.0,0.08916620537638664,0.008711790465694244,0.11932101473212242,0.004125971003330035,0.08566625788807869,0.0013379675110465226,3.3654755353927612,0.2787998856130176,,,,
4399,2,,,,,0.0,0.0,0.10274852812290192,0.012856200715247795,0.1351003423333168,0.01019141353458588,0.10138655081391335,0.012715593560259388,3.3713796138763428,0.2524184872561086,,,,
4449,2,,,,,0.0,0.0,0.0978061743080616,0.00025925053354657307,0.1251279003918171,0.002293647301031045,0.089350376278162,0.00410248467199734,3.577752113342285,0.18088415856511458,,,,
4499,2,,,,,0.0,0.0,0.08604785427451134,0.003499774201579427,0.10938333719968796,0.00973319299757544,0.07617389410734177,0.012776532634850077,3.320944666862488,0.3043341323148577,,,,
4549,2,,,,,0.0,0.0,0.09189870208501816,0.0027761918379883344,0.11704974994063377,0.018704270875308706,0.0844767764210701,0.01663437065630987,3.2572972774505615,0.20698991653276233,,,,
4599,2,,,,,0.0,0.0,0.09227332845330238,0.0017568650383962983,0.13036074489355087,0.0076655107564794905,0.09783656522631645,0.00639834995093127,3.25241756439209,0.1267156801597612,,,,
4649,2,,,,,0.0,0.0,0.08855455741286278,0.00435964366818656,0.11063512414693832,0.013837453105566302,0.07788756489753723,0.012151073402948409,3.2747557163238525,0.1686383074365773,,,,
4699,2,,,,,0.0,0.0,0.09090384840965271,0.0023782518310606006,0.11393258720636368,0.00035362259571852865,0.08122318983078003,0.0036633935358547816,3.270939588546753,0.3309771783073223,,,,
4749,2,,,,,0.0,0.0,0.09178199246525764,0.004887764753452317,0.12168639898300171,0.0053112826290700995,0.08929585292935371,0.007342565798120829,3.2390546798706055,0.20312892803437635,,,,
4799,2,,,,,0.0,0.0,0.10044688731431961,0.01847178359056655,0.1345496065914631,0.03681551978700094,0.10264237970113754,0.035098536204008074,3.1907225847244263,0.17169800005107416,,,,
4849,2,,,,,0.0,0.0,0.09280475974082947,0.009786076755744486,0.11975089088082314,0.010243027618943534,0.08680982887744904,0.011236149615473923,3.2941060066223145,0.09931281078234218,,,,
4899,2,,,,,0.0,0.0,0.08752550557255745,0.0014916138472929868,0.1047581285238266,0.013958003629019586,0.07293451763689518,0.016148678276604423,3.182361364364624,0.21906751744204414,,,,
4949,2,,,,,0.0,0.0,0.08865590766072273,0.003958363523514337,0.11162587627768517,0.0013689032978535188,0.07843329757452011,0.0025020687352734798,3.3192577362060547,0.11331635408117778,,,,
4999,2,,,,,0.0,0.0,0.09495362639427185,0.0002325873835073687,0.12141135707497597,0.00036226796801932577,0.08937566727399826,0.000503833963811355,3.2035692930221558,0.08661059357812893,,,,
5049,2,,,,,0.0,0.0,0.09150480106472969,0.003610367532072013,0.1060844287276268,0.002080294685512835,0.07378032803535461,0.004146459640062394,3.230410099029541,0.20661598969277367,,,,
5099,2,,,,,0.0,0.0,0.09217943623661995,0.0086091944997066,0.11632663756608963,0.01695840616437375,0.0826665386557579,0.01280701534303558,3.3660095930099487,0.41513853422478614,,,,
5149,2,,,,,0.0,0.0,0.08321523666381836,0.0030066613423580307,0.10306693241000175,0.018711277788873642,0.07167789712548256,0.017553524933703636,3.138903498649597,0.11577520122330334,,,,
5199,2,,,,,0.0,0.0,0.09178854897618294,0.0005963831747852144,0.11047293990850449,0.0016899727214534457,0.07795275747776031,0.004028764565595722,3.252018094062805,0.2338787629457425,,,,
5249,2,,,,,0.0,0.0,0.09724703058600426,0.0032429839903146775,0.12760210037231445,0.01159940276607719,0.09424328431487083,0.009351758750195786,3.3358813524246216,0.22476357972459443,,,,
5299,2,,,,,0.0,0.0,0.08844565972685814,0.003427365915837711,0.10374770313501358,0.0057811673064059295,0.07103800773620605,0.006289173808219863,3.27096951007843,0.05080027085975675,,,,
5349,2,,,,,0.0,0.0,0.08883961662650108,0.0073069411744169956,0.11096952110528946,0.010296190599983964,0.07829796150326729,0.010770558648330139,3.26715624332428,0.047437289523375496,,,,
5399,2,,,,,0.0,0.0,0.08975925296545029,0.0012059688498664665,0.10344165936112404,0.0075399078795609625,0.0715017318725586,0.010116371070812234,3.193992853164673,0.25764604517061185,,,,
5449,2,,,,,0.0,0.0,0.09437147155404091,0.006006984852371236,0.1152154952287674,0.0028602326539190572,0.0832049660384655,0.0014128519241382537,3.201052665710449,0.1447380097578076,,,,
5499,2,,,,,0.0,0.0,0.09149814769625664,0.005752186079698626,0.11412064731121063,0.01123898399103628,0.08190779760479927,0.010223239673567669,3.221285343170166,0.10157457926083079,,,,
5549,2,,,,,0.0,0.0,0.08848385512828827,0.004301907754082698,0.12584039568901062,0.0027718296391674568,0.09435553848743439,0.0004673980132736871,3.1484851837158203,0.23044278326774037,,,,
5599,2,,,,,0.0,0.0,0.0906948521733284,0.0049628019488699,0.09713008999824524,0.007842053368179497,0.06475074589252472,0.004464141510713257,3.2379344701766968,0.3377913121871696,,,,
5649,2,,,,,0.0,0.0,0.09726081416010857,0.0027281602357541066,0.12388782203197479,0.0029521970773698277,0.09175930544734001,0.006367667045215339,3.212852358818054,0.3415467649768843,,,,
5699,2,,,,,0.0,0.0,0.09498879685997963,0.0009654315170587302,0.12027633190155029,0.012667720008707077,0.08643264323472977,0.014375678897762546,3.3843687772750854,0.17079605749294102,,,,
5749,2,,,,,0.0,0.0,0.10211915522813797,0.026146029281399922,0.12786205112934113,0.03803683535808143,0.09605471417307854,0.037687527545979205,3.180734395980835,0.034930970871040884,,,,
5799,2,,,,,0.0,0.0,0.0862271599471569,0.0016421729268860281,0.09827404096722603,0.018148206429480226,0.06753572635352612,0.016416547840671473,3.0738316774368286,0.17316572190361754,,,,
5849,2,,,,,0.0,0.0,0.09107811003923416,0.005144170374724404,0.10748384892940521,0.002374722032497813,0.07709702476859093,0.003877704992176614,3.038682222366333,0.15029802201336473,,,,
5899,2,,,,,0.0,0.0,0.09479693323373795,0.0028098250231000277,0.12154128029942513,0.0321811155450158,0.09072652831673622,0.03146124737244973,3.0814751386642456,0.07198631149442487,,,,
5949,2,,,,,0.0,0.0,0.09081364795565605,0.000520445090480711,0.10897338762879372,0.010299388492114727,0.0770254097878933,0.012074065842362942,3.1947978734970093,0.1774673978500334,,,,
5999,2,,,,,0.0,0.0,0.09052139148116112,0.005171781828855104,0.11292865872383118,0.025450964529182513,0.0821639634668827,0.026900631725495033,3.0764691829681396,0.14496661426413068,,,,
6049,2,,,,,0.0,0.0,0.09177445247769356,0.014548212290497955,0.11990632116794586,0.012499849111088186,0.08877886086702347,0.013895162677889844,3.1127456426620483,0.13953186244234791,,,,
6099,2,,,,,0.0,0.0,0.09139152243733406,0.004638898149707616,0.11340732872486115,0.021121935278083055,0.08203577622771263,0.02227239146010461,3.137155771255493,0.11504572356927678,,,,
6149,2,,,,,0.0,0.0,0.09301526471972466,0.012787780575046422,0.12067945301532745,0.03920027803780041,0.08871712908148766,0.03877949970733583,3.1962326765060425,0.04207755909194212,,,,
6199,2,,,,,0.0,0.0,0.09645671769976616,0.005681400447624579,0.10511194542050362,0.0030209227822229046,0.07273828238248825,0.0015350303696152715,3.237366199493408,0.14858955736212712,,,,
6249,2,,,,,0.0,0.0,0.0948738269507885,0.0012951673863837098,0.11060452833771706,0.0037296009665093322,0.07840165868401527,0.0063773818937971,3.2202869653701782,0.2647777977008372,,,,
6299,2,,,,,0.0,0.0,0.10068883001804352,0.008238992387455098,0.13183455914258957,0.013143020556076556,0.09959888830780983,0.01509129550698508,3.223566770553589,0.19482734757688258,,,,
6349,2,,,,,0.0,0.0,0.09469776600599289,0.006339676269448042,0.13169128447771072,0.009606731378618503,0.09950824826955795,0.012905417697596391,3.218303918838501,0.32986854760409173,,,,
6399,2,,,,,0.0,0.0,0.09640820324420929,0.005825748135418327,0.11730188876390457,0.014133703303749376,0.08444394916296005,0.012192925223519727,3.2857941389083862,0.1940773022607827,,,,
6449,2,,,,,0.0,0.0,0.09628893435001373,0.009723025070372187,0.12271057069301605,0.018475260705568698,0.0902501828968525,0.017469210163257594,3.2460384368896484,0.10060486457029214,,,,
6499,2,,,,,0.0,0.0,0.09410921484231949,0.006349233067347887,0.11254990845918655,0.006457076315975137,0.08118433505296707,0.008206096772192346,3.136557102203369,0.1749020034748723,,,,
6549,2,,,,,0.0,0.0,0.09205427020788193,0.003423778165358221,0.11196126788854599,0.009258809144161073,0.08047818765044212,0.007699486384735335,3.148308277130127,0.15593254989708913,,,,
6599,2,,,,,0.0,0.0,0.09849738702178001,7.203423246118177e-05,0.12236426398158073,0.006035497195388855,0.09052803739905357,0.0036316622272821422,3.183622360229492,0.24038303319533771,,,,
6649,2,,,,,0.0,0.0,0.08931776508688927,0.0032657643619348154,0.10927988216280937,0.0052060788268308445,0.07763063535094261,0.007609070857967339,3.1649245023727417,0.24029924526049806,,,,
6699,2,,,,,0.0,0.0,0.0974651612341404,0.00293573346467026,0.10524896532297134,0.00095781874254645,0.07224486395716667,0.002827036742360664,3.300410270690918,0.1869222846701793,,,,
6749,2,,,,,0.0,0.0,0.09396589547395706,0.012154908766162901,0.12650805711746216,0.01611518470292842,0.0951564759016037,0.016816971877483315,3.135158658027649,0.07017838028070157,,,,
6799,2,,,,,0.0,0.0,0.09468724578619003,0.004784057164335199,0.12406686693429947,0.011856108683644917,0.09183498844504356,0.009889689514452455,3.2231881618499756,0.19664202228636762,,,,
6849,2,,,,,0.0,0.0,0.09580669552087784,9.912938769762276e-05,0.13725849986076355,0.012320788225189653,0.10655561089515686,0.01449868447514159,3.070289134979248,0.2177899621699819,,,,
6899,2,,,,,0.0,0.0,0.09394234046339989,0.005382705732227874,0.12112998962402344,0.019237907929373327,0.08866763859987259,0.020495201104013934,3.246235489845276,0.12572961249200035,,,,
6949,2,,,,,0.0,0.0,0.0986831858754158,0.008800967928787231,0.12360220402479172,0.010389693383405382,0.09093743190169334,0.008586530031919866,3.2664774656295776,0.18031618763458176,,,,
6999,2,,,,,0.0,0.0,0.08775732293725014,0.0036019908459304726,0.10455149412155151,0.003503435709043811,0.07278567180037498,0.004625642965850939,3.176582098007202,0.11222087319468263,,,,
7049,2,,,,,0.0,0.0,0.08782501146197319,0.0019273174304864815,0.10629142820835114,0.0011004752880436985,0.07505106553435326,0.004483502719247949,3.1240363121032715,0.33830297492809186,,,,
7099,2,,,,,0.0,0.0,0.09025467932224274,0.0031134087729239976,0.10585792735219002,0.004755982094870879,0.07468447834253311,0.0030283142857805024,3.117344856262207,0.17276701271670447,,,,
7149,2,,,,,0.0,0.0,0.09311231598258018,0.003258325443172643,0.11510677263140678,0.008505597546066822,0.08409111946821213,0.008706864552774533,3.10156512260437,0.02012697462528638,,,,
7199,2,,,,,0.0,0.0,0.09387645497918129,0.00802711491163477,0.12399345636367798,0.020809606057193075,0.0935099683701992,0.020369261052307318,3.0483487844467163,0.04403384721242378,,,,
7249,2,,,,,0.0,0.0,0.09476526081562042,0.0028538157962332733,0.1226964220404625,0.02439142436775502,0.0909418947994709,0.026698642954006573,3.1754525899887085,0.2307217954048825,,,,
7299,2,,,,,0.0,0.0,0.09190744161605835,0.0026149063854492708,0.10957303643226624,0.00619990678307379,0.0781148299574852,0.007620698119800283,3.1458208560943604,0.1420793865537404,,,,
7349,2,,,,,0.0,0.0,0.09394999593496323,0.0027324750193704096,0.1155502162873745,0.006906461819866481,0.08399045094847679,0.00507909037226752,3.1559765338897705,0.18273693402565347,,,,
7399,2,,,,,0.0,0.0,0.0914159044623375,0.0035024136479674217,0.1015356108546257,0.013313862806515465,0.07002775929868221,0.014702635709263839,3.150785446166992,0.1388775747660648,,,,
7449,2,,,,,0.0,0.0,0.09979712963104248,0.003447148592857512,0.1351022869348526,0.009113434126934872,0.10254635661840439,0.007116663958458501,3.2555930614471436,0.19967794407830436,,,,
7499,2,,,,,0.0,0.0,0.09130602702498436,0.00017310237519030565,0.09967729076743126,0.014020017448247303,0.06796273961663246,0.015251874999811586,3.171454906463623,0.12318546012848873,,,,
7549,2,,,,,0.0,0.0,0.09070225059986115,0.0020243868909631344,0.11020325869321823,0.00037895285167357596,0.07792678847908974,0.0002639288337312823,3.227647304534912,0.06428776814542497,,,,
7599,2,,,,,0.0,0.0,0.0879676304757595,0.009478241442576979,0.10686985030770302,0.012927402547450886,0.07639829814434052,0.013650742566663042,3.047155499458313,0.07233393870094273,,,,
7649,2,,,,,0.0,0.0,0.08943966776132584,0.004053683889777788,0.1004459522664547,0.0002627276485487218,0.06958994641900063,0.0014758930727984234,3.0856006145477295,0.12131650027812164,,,,
7699,2,,,,,0.0,0.0,0.09318409115076065,0.006335524804869719,0.11586863547563553,0.0026321865933387374,0.08526645600795746,0.0010833004472755093,3.0602182149887085,0.15488882534056536,,,,
7749,2,,,,,0.0,0.0,0.09405908733606339,0.003430036972362089,0.11053332686424255,0.008549614660980387,0.07845235988497734,0.007429683333992847,3.208096742630005,0.11199361738751189,,,,
7799,2,,,,,0.0,0.0,0.09101836755871773,0.005900500839608462,0.10823620483279228,0.014128355922344557,0.07614012435078621,0.009245348494417906,3.2096080780029297,0.48830091138005904,,,,
7849,2,,,,,0.0,0.0,0.09316060692071915,0.0018832687054365334,0.10938426852226257,0.005076440389167398,0.07775279134511948,0.0040833763445537125,3.1631479263305664,0.09930606728658042,,,,
7899,2,,,,,0.0,0.0,0.0889286920428276,0.004411837271711238,0.11073815822601318,0.022432217578013985,0.08053100854158401,0.0236695226097483,3.020715117454529,0.12373050317343161,,,,
7949,2,,,,,0.0,0.0,0.10010544583201408,0.008235099072323905,0.13004502654075623,0.0021007885906012577,0.0979328490793705,0.004843278754849068,3.211217522621155,0.27424870032341725,,,,
7999,2,,,,,0.0,0.0,0.08987561240792274,0.0017761156114536492,0.10133342072367668,0.0017243487447701437,0.06928686797618866,0.004448336442521672,3.2046552896499634,0.27239895943597114,0.07973907887935638,0.00033962984201291185,0.07973907887935638,0.00033962984201291185
